BiGG ID,Species,Conditions_old,Conditions_new
e_coli_core,Escherichia coli,"{""c"": {""T"": 298.15, ""pH"": 7.5, ""I"": 0.25, ""pMg"": 14.0, ""e_potential"": -0.125}, ""e"": {""T"": 298.15, ""pH"": 7.0, ""I"": 0.25, ""pMg"": 14.0, ""e_potential"": 0.0}, ""p"": {""T"": 298.15, ""pH"": 7.0, ""I"": 0.25, ""pMg"": 14.0, ""e_potential"": 0.0}}","{""cytosol"": {""T"": 298.15, ""pH"": 7.5, ""I"": 0.25, ""pMg"": 14.0, ""e_potential"": -0.125}, ""extracellular space"": {""T"": 298.15, ""pH"": 7.0, ""I"": 0.25, ""pMg"": 14.0, ""e_potential"": 0.0}}"
iAB_RBC_283,Homo sapiens,"{""c"": {""pH"": 7.2, ""e_potential"": 0, ""T"": 298.15, ""I"": 0.25, ""pMg"": 14.0}, ""e"": {""pH"": 7.4, ""e_potential"": 0.03, ""T"": 298.15, ""I"": 0.25, ""pMg"": 14.0}, ""n"": {""pH"": 7.2, ""e_potential"": 0, ""T"": 298.15, ""I"": 0.25, ""pMg"": 14.0}, ""r"": {""pH"": 7.2, ""e_potential"": 0, ""T"": 298.15, ""I"": 0.25, ""pMg"": 14.0}, ""g"": {""pH"": 6.35, ""e_potential"": 0, ""T"": 298.15, ""I"": 0.25, ""pMg"": 14.0}, ""l"": {""pH"": 5.5, ""e_potential"": 0.019, ""T"": 298.15, ""I"": 0.25, ""pMg"": 14.0}, ""m"": {""pH"": 8.0, ""e_potential"": -0.155, ""T"": 298.15, ""I"": 0.25, ""pMg"": 14.0}, ""i"": {""pH"": 8.0, ""e_potential"": -0.155, ""T"": 298.15, ""I"": 0.25, ""pMg"": 14.0}, ""x"": {""pH"": 7.0, ""e_potential"": 0.012, ""T"": 298.15, ""I"": 0.25, ""pMg"": 14.0}}","{""cytosol"": {""pH"": 7.2, ""e_potential"": 0, ""T"": 298.15, ""I"": 0.25, ""pMg"": 14.0}, ""extracellular space"": {""pH"": 7.4, ""e_potential"": 0.03, ""T"": 298.15, ""I"": 0.25, ""pMg"": 14.0}}"
iAF1260,Escherichia coli,"{""c"": {""T"": 298.15, ""pH"": 7.5, ""I"": 0.25, ""pMg"": 14.0, ""e_potential"": -0.125}, ""e"": {""T"": 298.15, ""pH"": 7.0, ""I"": 0.25, ""pMg"": 14.0, ""e_potential"": 0.0}, ""p"": {""T"": 298.15, ""pH"": 7.0, ""I"": 0.25, ""pMg"": 14.0, ""e_potential"": 0.0}}","{""cytosol"": {""T"": 298.15, ""pH"": 7.5, ""I"": 0.25, ""pMg"": 14.0, ""e_potential"": -0.125}, ""extracellular space"": {""T"": 298.15, ""pH"": 7.0, ""I"": 0.25, ""pMg"": 14.0, ""e_potential"": 0.0}, ""periplasm"": {""T"": 298.15, ""pH"": 7.0, ""I"": 0.25, ""pMg"": 14.0, ""e_potential"": 0.0}}"
iAF1260b,Escherichia coli,"{""c"": {""T"": 298.15, ""pH"": 7.5, ""I"": 0.25, ""pMg"": 14.0, ""e_potential"": -0.125}, ""e"": {""T"": 298.15, ""pH"": 7.0, ""I"": 0.25, ""pMg"": 14.0, ""e_potential"": 0.0}, ""p"": {""T"": 298.15, ""pH"": 7.0, ""I"": 0.25, ""pMg"": 14.0, ""e_potential"": 0.0}}","{""cytosol"": {""T"": 298.15, ""pH"": 7.5, ""I"": 0.25, ""pMg"": 14.0, ""e_potential"": -0.125}, ""extracellular space"": {""T"": 298.15, ""pH"": 7.0, ""I"": 0.25, ""pMg"": 14.0, ""e_potential"": 0.0}, ""periplasm"": {""T"": 298.15, ""pH"": 7.0, ""I"": 0.25, ""pMg"": 14.0, ""e_potential"": 0.0}}"
iAF692,Methanosarcina barkeri,"{""e"": {""pH"": 7.0, ""e_potential"": 0.0, ""T"": 298.15, ""I"": 0.25, ""pMg"": 14.0}, ""c"": {""pH"": 7.5, ""e_potential"": 0.0, ""T"": 298.15, ""I"": 0.25, ""pMg"": 14.0}}","{""extracellular space"": {""pH"": 7.0, ""e_potential"": 0.0, ""T"": 298.15, ""I"": 0.25, ""pMg"": 14.0}, ""cytosol"": {""pH"": 7.5, ""e_potential"": 0.0, ""T"": 298.15, ""I"": 0.25, ""pMg"": 14.0}}"
iAF987,Geobacter metallireducens,"{""c"": {""T"": 298.15, ""pH"": 7.5, ""I"": 0.25, ""pMg"": 14.0, ""e_potential"": -0.125}, ""e"": {""T"": 298.15, ""pH"": 7.0, ""I"": 0.25, ""pMg"": 14.0, ""e_potential"": 0.0}, ""p"": {""T"": 298.15, ""pH"": 7.0, ""I"": 0.25, ""pMg"": 14.0, ""e_potential"": 0.0}}","{""cytosol"": {""T"": 298.15, ""pH"": 7.5, ""I"": 0.25, ""pMg"": 14.0, ""e_potential"": -0.125}, ""extracellular space"": {""T"": 298.15, ""pH"": 7.0, ""I"": 0.25, ""pMg"": 14.0, ""e_potential"": 0.0}, ""periplasm"": {""T"": 298.15, ""pH"": 7.0, ""I"": 0.25, ""pMg"": 14.0, ""e_potential"": 0.0}}"
iAM_Pb448,Plasmodium berghei,"{""c"": {""pH"": 7.2, ""e_potential"": 0.0, ""T"": 298.15, ""I"": 0.25, ""pMg"": 14.0}, ""e"": {""pH"": 7.4, ""e_potential"": 0.03, ""T"": 298.15, ""I"": 0.25, ""pMg"": 14.0}, ""g"": {""pH"": 7.2, ""e_potential"": 0.0, ""T"": 298.15, ""I"": 0.25, ""pMg"": 14.0}, ""r"": {""pH"": 7.2, ""e_potential"": 0.0, ""T"": 298.15, ""I"": 0.25, ""pMg"": 14.0}, ""h"": {""pH"": 7.2, ""e_potential"": 0.0, ""T"": 298.15, ""I"": 0.25, ""pMg"": 14.0}, ""m"": {""pH"": 7.5, ""e_potential"": -0.155, ""T"": 298.15, ""I"": 0.25, ""pMg"": 14.0}, ""l"": {""pH"": 5.0, ""e_potential"": 0, ""T"": 298.15, ""I"": 0.25, ""pMg"": 14.0}}","{""cytosol"": {""pH"": 7.2, ""e_potential"": 0.0, ""T"": 298.15, ""I"": 0.25, ""pMg"": 14.0}, ""extracellular space"": {""pH"": 7.4, ""e_potential"": 0.03, ""T"": 298.15, ""I"": 0.25, ""pMg"": 14.0}, ""golgi apparatus"": {""pH"": 7.2, ""e_potential"": 0.0, ""T"": 298.15, ""I"": 0.25, ""pMg"": 14.0}, ""endoplasmic reticulum"": {""pH"": 7.2, ""e_potential"": 0.0, ""T"": 298.15, ""I"": 0.25, ""pMg"": 14.0}, ""chloroplast"": {""pH"": 7.2, ""e_potential"": 0.0, ""T"": 298.15, ""I"": 0.25, ""pMg"": 14.0}, ""mitochondria"": {""pH"": 7.5, ""e_potential"": -0.155, ""T"": 298.15, ""I"": 0.25, ""pMg"": 14.0}, ""lysosome"": {""pH"": 5.0, ""e_potential"": 0, ""T"": 298.15, ""I"": 0.25, ""pMg"": 14.0}}"
iAM_Pc455,Plasmodium cynomolgi,"{""c"": {""pH"": 7.2, ""e_potential"": 0.0, ""T"": 298.15, ""I"": 0.25, ""pMg"": 14.0}, ""e"": {""pH"": 7.4, ""e_potential"": 0.03, ""T"": 298.15, ""I"": 0.25, ""pMg"": 14.0}, ""g"": {""pH"": 7.2, ""e_potential"": 0.0, ""T"": 298.15, ""I"": 0.25, ""pMg"": 14.0}, ""r"": {""pH"": 7.2, ""e_potential"": 0.0, ""T"": 298.15, ""I"": 0.25, ""pMg"": 14.0}, ""h"": {""pH"": 7.2, ""e_potential"": 0.0, ""T"": 298.15, ""I"": 0.25, ""pMg"": 14.0}, ""m"": {""pH"": 7.5, ""e_potential"": -0.155, ""T"": 298.15, ""I"": 0.25, ""pMg"": 14.0}, ""l"": {""pH"": 5.0, ""e_potential"": 0, ""T"": 298.15, ""I"": 0.25, ""pMg"": 14.0}}","{""cytosol"": {""pH"": 7.2, ""e_potential"": 0.0, ""T"": 298.15, ""I"": 0.25, ""pMg"": 14.0}, ""extracellular space"": {""pH"": 7.4, ""e_potential"": 0.03, ""T"": 298.15, ""I"": 0.25, ""pMg"": 14.0}, ""golgi apparatus"": {""pH"": 7.2, ""e_potential"": 0.0, ""T"": 298.15, ""I"": 0.25, ""pMg"": 14.0}, ""endoplasmic reticulum"": {""pH"": 7.2, ""e_potential"": 0.0, ""T"": 298.15, ""I"": 0.25, ""pMg"": 14.0}, ""chloroplast"": {""pH"": 7.2, ""e_potential"": 0.0, ""T"": 298.15, ""I"": 0.25, ""pMg"": 14.0}, ""mitochondria"": {""pH"": 7.5, ""e_potential"": -0.155, ""T"": 298.15, ""I"": 0.25, ""pMg"": 14.0}, ""lysosome"": {""pH"": 5.0, ""e_potential"": 0, ""T"": 298.15, ""I"": 0.25, ""pMg"": 14.0}}"
iAM_Pf480,Plasmodium falciparum,"{""c"": {""pH"": 7.2, ""e_potential"": 0.0, ""T"": 298.15, ""I"": 0.25, ""pMg"": 14.0}, ""e"": {""pH"": 7.4, ""e_potential"": 0.03, ""T"": 298.15, ""I"": 0.25, ""pMg"": 14.0}, ""g"": {""pH"": 7.2, ""e_potential"": 0.0, ""T"": 298.15, ""I"": 0.25, ""pMg"": 14.0}, ""r"": {""pH"": 7.2, ""e_potential"": 0.0, ""T"": 298.15, ""I"": 0.25, ""pMg"": 14.0}, ""h"": {""pH"": 7.2, ""e_potential"": 0.0, ""T"": 298.15, ""I"": 0.25, ""pMg"": 14.0}, ""m"": {""pH"": 7.5, ""e_potential"": -0.155, ""T"": 298.15, ""I"": 0.25, ""pMg"": 14.0}, ""l"": {""pH"": 5.0, ""e_potential"": 0, ""T"": 298.15, ""I"": 0.25, ""pMg"": 14.0}}","{""cytosol"": {""pH"": 7.2, ""e_potential"": 0.0, ""T"": 298.15, ""I"": 0.25, ""pMg"": 14.0}, ""extracellular space"": {""pH"": 7.4, ""e_potential"": 0.03, ""T"": 298.15, ""I"": 0.25, ""pMg"": 14.0}, ""golgi apparatus"": {""pH"": 7.2, ""e_potential"": 0.0, ""T"": 298.15, ""I"": 0.25, ""pMg"": 14.0}, ""endoplasmic reticulum"": {""pH"": 7.2, ""e_potential"": 0.0, ""T"": 298.15, ""I"": 0.25, ""pMg"": 14.0}, ""chloroplast"": {""pH"": 7.2, ""e_potential"": 0.0, ""T"": 298.15, ""I"": 0.25, ""pMg"": 14.0}, ""mitochondria"": {""pH"": 7.5, ""e_potential"": -0.155, ""T"": 298.15, ""I"": 0.25, ""pMg"": 14.0}, ""lysosome"": {""pH"": 5.0, ""e_potential"": 0, ""T"": 298.15, ""I"": 0.25, ""pMg"": 14.0}}"
iAM_Pk459,Plasmodium knowlesi,"{""c"": {""pH"": 7.2, ""e_potential"": 0.0, ""T"": 298.15, ""I"": 0.25, ""pMg"": 14.0}, ""e"": {""pH"": 7.4, ""e_potential"": 0.03, ""T"": 298.15, ""I"": 0.25, ""pMg"": 14.0}, ""g"": {""pH"": 7.2, ""e_potential"": 0.0, ""T"": 298.15, ""I"": 0.25, ""pMg"": 14.0}, ""r"": {""pH"": 7.2, ""e_potential"": 0.0, ""T"": 298.15, ""I"": 0.25, ""pMg"": 14.0}, ""h"": {""pH"": 7.2, ""e_potential"": 0.0, ""T"": 298.15, ""I"": 0.25, ""pMg"": 14.0}, ""m"": {""pH"": 7.5, ""e_potential"": -0.155, ""T"": 298.15, ""I"": 0.25, ""pMg"": 14.0}, ""l"": {""pH"": 5.0, ""e_potential"": 0, ""T"": 298.15, ""I"": 0.25, ""pMg"": 14.0}}","{""cytosol"": {""pH"": 7.2, ""e_potential"": 0.0, ""T"": 298.15, ""I"": 0.25, ""pMg"": 14.0}, ""extracellular space"": {""pH"": 7.4, ""e_potential"": 0.03, ""T"": 298.15, ""I"": 0.25, ""pMg"": 14.0}, ""golgi apparatus"": {""pH"": 7.2, ""e_potential"": 0.0, ""T"": 298.15, ""I"": 0.25, ""pMg"": 14.0}, ""endoplasmic reticulum"": {""pH"": 7.2, ""e_potential"": 0.0, ""T"": 298.15, ""I"": 0.25, ""pMg"": 14.0}, ""chloroplast"": {""pH"": 7.2, ""e_potential"": 0.0, ""T"": 298.15, ""I"": 0.25, ""pMg"": 14.0}, ""mitochondria"": {""pH"": 7.5, ""e_potential"": -0.155, ""T"": 298.15, ""I"": 0.25, ""pMg"": 14.0}, ""lysosome"": {""pH"": 5.0, ""e_potential"": 0, ""T"": 298.15, ""I"": 0.25, ""pMg"": 14.0}}"
iAM_Pv461,Plasmodium vivax,"{""c"": {""pH"": 7.2, ""e_potential"": 0.0, ""T"": 298.15, ""I"": 0.25, ""pMg"": 14.0}, ""e"": {""pH"": 7.4, ""e_potential"": 0.03, ""T"": 298.15, ""I"": 0.25, ""pMg"": 14.0}, ""g"": {""pH"": 7.2, ""e_potential"": 0.0, ""T"": 298.15, ""I"": 0.25, ""pMg"": 14.0}, ""r"": {""pH"": 7.2, ""e_potential"": 0.0, ""T"": 298.15, ""I"": 0.25, ""pMg"": 14.0}, ""h"": {""pH"": 7.2, ""e_potential"": 0.0, ""T"": 298.15, ""I"": 0.25, ""pMg"": 14.0}, ""m"": {""pH"": 7.5, ""e_potential"": -0.155, ""T"": 298.15, ""I"": 0.25, ""pMg"": 14.0}, ""l"": {""pH"": 5.0, ""e_potential"": 0, ""T"": 298.15, ""I"": 0.25, ""pMg"": 14.0}}","{""cytosol"": {""pH"": 7.2, ""e_potential"": 0.0, ""T"": 298.15, ""I"": 0.25, ""pMg"": 14.0}, ""extracellular space"": {""pH"": 7.4, ""e_potential"": 0.03, ""T"": 298.15, ""I"": 0.25, ""pMg"": 14.0}, ""golgi apparatus"": {""pH"": 7.2, ""e_potential"": 0.0, ""T"": 298.15, ""I"": 0.25, ""pMg"": 14.0}, ""endoplasmic reticulum"": {""pH"": 7.2, ""e_potential"": 0.0, ""T"": 298.15, ""I"": 0.25, ""pMg"": 14.0}, ""chloroplast"": {""pH"": 7.2, ""e_potential"": 0.0, ""T"": 298.15, ""I"": 0.25, ""pMg"": 14.0}, ""mitochondria"": {""pH"": 7.5, ""e_potential"": -0.155, ""T"": 298.15, ""I"": 0.25, ""pMg"": 14.0}, ""lysosome"": {""pH"": 5.0, ""e_potential"": 0, ""T"": 298.15, ""I"": 0.25, ""pMg"": 14.0}}"
iAPECO1_1312,Escherichia coli,"{""c"": {""T"": 298.15, ""pH"": 7.5, ""I"": 0.25, ""pMg"": 14.0, ""e_potential"": -0.125}, ""e"": {""T"": 298.15, ""pH"": 7.0, ""I"": 0.25, ""pMg"": 14.0, ""e_potential"": 0.0}, ""p"": {""T"": 298.15, ""pH"": 7.0, ""I"": 0.25, ""pMg"": 14.0, ""e_potential"": 0.0}}","{""cytosol"": {""T"": 298.15, ""pH"": 7.5, ""I"": 0.25, ""pMg"": 14.0, ""e_potential"": -0.125}, ""extracellular space"": {""T"": 298.15, ""pH"": 7.0, ""I"": 0.25, ""pMg"": 14.0, ""e_potential"": 0.0}, ""periplasm"": {""T"": 298.15, ""pH"": 7.0, ""I"": 0.25, ""pMg"": 14.0, ""e_potential"": 0.0}}"
iAT_PLT_636,Homo sapiens,"{""c"": {""pH"": 7.2, ""e_potential"": 0, ""T"": 298.15, ""I"": 0.25, ""pMg"": 14.0}, ""e"": {""pH"": 7.4, ""e_potential"": 0.03, ""T"": 298.15, ""I"": 0.25, ""pMg"": 14.0}, ""n"": {""pH"": 7.2, ""e_potential"": 0, ""T"": 298.15, ""I"": 0.25, ""pMg"": 14.0}, ""r"": {""pH"": 7.2, ""e_potential"": 0, ""T"": 298.15, ""I"": 0.25, ""pMg"": 14.0}, ""g"": {""pH"": 6.35, ""e_potential"": 0, ""T"": 298.15, ""I"": 0.25, ""pMg"": 14.0}, ""l"": {""pH"": 5.5, ""e_potential"": 0.019, ""T"": 298.15, ""I"": 0.25, ""pMg"": 14.0}, ""m"": {""pH"": 8.0, ""e_potential"": -0.155, ""T"": 298.15, ""I"": 0.25, ""pMg"": 14.0}, ""i"": {""pH"": 8.0, ""e_potential"": -0.155, ""T"": 298.15, ""I"": 0.25, ""pMg"": 14.0}, ""x"": {""pH"": 7.0, ""e_potential"": 0.012, ""T"": 298.15, ""I"": 0.25, ""pMg"": 14.0}}","{""cytosol"": {""pH"": 7.2, ""e_potential"": 0, ""T"": 298.15, ""I"": 0.25, ""pMg"": 14.0}, ""extracellular space"": {""pH"": 7.4, ""e_potential"": 0.03, ""T"": 298.15, ""I"": 0.25, ""pMg"": 14.0}, ""endoplasmic reticulum"": {""pH"": 7.2, ""e_potential"": 0, ""T"": 298.15, ""I"": 0.25, ""pMg"": 14.0}, ""lysosome"": {""pH"": 5.5, ""e_potential"": 0.019, ""T"": 298.15, ""I"": 0.25, ""pMg"": 14.0}, ""mitochondria"": {""pH"": 8.0, ""e_potential"": -0.155, ""T"": 298.15, ""I"": 0.25, ""pMg"": 14.0}, ""peroxisome/glyoxysome"": {""pH"": 7.0, ""e_potential"": 0.012, ""T"": 298.15, ""I"": 0.25, ""pMg"": 14.0}}"
iB21_1397,Escherichia coli,"{""c"": {""T"": 298.15, ""pH"": 7.5, ""I"": 0.25, ""pMg"": 14.0, ""e_potential"": -0.125}, ""e"": {""T"": 298.15, ""pH"": 7.0, ""I"": 0.25, ""pMg"": 14.0, ""e_potential"": 0.0}, ""p"": {""T"": 298.15, ""pH"": 7.0, ""I"": 0.25, ""pMg"": 14.0, ""e_potential"": 0.0}}","{""cytosol"": {""T"": 298.15, ""pH"": 7.5, ""I"": 0.25, ""pMg"": 14.0, ""e_potential"": -0.125}, ""extracellular space"": {""T"": 298.15, ""pH"": 7.0, ""I"": 0.25, ""pMg"": 14.0, ""e_potential"": 0.0}, ""periplasm"": {""T"": 298.15, ""pH"": 7.0, ""I"": 0.25, ""pMg"": 14.0, ""e_potential"": 0.0}}"
iBWG_1329,Escherichia coli,"{""c"": {""T"": 298.15, ""pH"": 7.5, ""I"": 0.25, ""pMg"": 14.0, ""e_potential"": -0.125}, ""e"": {""T"": 298.15, ""pH"": 7.0, ""I"": 0.25, ""pMg"": 14.0, ""e_potential"": 0.0}, ""p"": {""T"": 298.15, ""pH"": 7.0, ""I"": 0.25, ""pMg"": 14.0, ""e_potential"": 0.0}}","{""cytosol"": {""T"": 298.15, ""pH"": 7.5, ""I"": 0.25, ""pMg"": 14.0, ""e_potential"": -0.125}, ""extracellular space"": {""T"": 298.15, ""pH"": 7.0, ""I"": 0.25, ""pMg"": 14.0, ""e_potential"": 0.0}, ""periplasm"": {""T"": 298.15, ""pH"": 7.0, ""I"": 0.25, ""pMg"": 14.0, ""e_potential"": 0.0}}"
ic_1306,Escherichia coli,"{""c"": {""T"": 298.15, ""pH"": 7.5, ""I"": 0.25, ""pMg"": 14.0, ""e_potential"": -0.125}, ""e"": {""T"": 298.15, ""pH"": 7.0, ""I"": 0.25, ""pMg"": 14.0, ""e_potential"": 0.0}, ""p"": {""T"": 298.15, ""pH"": 7.0, ""I"": 0.25, ""pMg"": 14.0, ""e_potential"": 0.0}}","{""cytosol"": {""T"": 298.15, ""pH"": 7.5, ""I"": 0.25, ""pMg"": 14.0, ""e_potential"": -0.125}, ""extracellular space"": {""T"": 298.15, ""pH"": 7.0, ""I"": 0.25, ""pMg"": 14.0, ""e_potential"": 0.0}, ""periplasm"": {""T"": 298.15, ""pH"": 7.0, ""I"": 0.25, ""pMg"": 14.0, ""e_potential"": 0.0}}"
iCHOv1,Cricetulus griseus,"{""c"": {""pH"": 7.2, ""e_potential"": 0, ""T"": 298.15, ""I"": 0.25, ""pMg"": 14.0}, ""e"": {""pH"": 7.4, ""e_potential"": 0.03, ""T"": 298.15, ""I"": 0.25, ""pMg"": 14.0}, ""n"": {""pH"": 7.2, ""e_potential"": 0, ""T"": 298.15, ""I"": 0.25, ""pMg"": 14.0}, ""r"": {""pH"": 7.2, ""e_potential"": 0, ""T"": 298.15, ""I"": 0.25, ""pMg"": 14.0}, ""g"": {""pH"": 6.35, ""e_potential"": 0, ""T"": 298.15, ""I"": 0.25, ""pMg"": 14.0}, ""l"": {""pH"": 5.5, ""e_potential"": 0.019, ""T"": 298.15, ""I"": 0.25, ""pMg"": 14.0}, ""m"": {""pH"": 8.0, ""e_potential"": -0.155, ""T"": 298.15, ""I"": 0.25, ""pMg"": 14.0}, ""im"": {""pH"": 7.0, ""e_potential"": 0, ""T"": 298.15, ""I"": 0.25, ""pMg"": 14.0}, ""x"": {""pH"": 7.0, ""e_potential"": 0.012, ""T"": 298.15, ""I"": 0.25, ""pMg"": 14.0}, ""mm"": {""pH"": 7.0, ""e_potential"": 0, ""T"": 298.15, ""I"": 0.25, ""pMg"": 14.0}}","{""cytosol"": {""pH"": 7.2, ""e_potential"": 0, ""T"": 298.15, ""I"": 0.25, ""pMg"": 14.0}, ""extracellular space"": {""pH"": 7.4, ""e_potential"": 0.03, ""T"": 298.15, ""I"": 0.25, ""pMg"": 14.0}, ""nucleus"": {""pH"": 7.2, ""e_potential"": 0, ""T"": 298.15, ""I"": 0.25, ""pMg"": 14.0}, ""endoplasmic reticulum"": {""pH"": 7.2, ""e_potential"": 0, ""T"": 298.15, ""I"": 0.25, ""pMg"": 14.0}, ""golgi apparatus"": {""pH"": 6.35, ""e_potential"": 0, ""T"": 298.15, ""I"": 0.25, ""pMg"": 14.0}, ""lysosome"": {""pH"": 5.5, ""e_potential"": 0.019, ""T"": 298.15, ""I"": 0.25, ""pMg"": 14.0}, ""mitochondria"": {""pH"": 8.0, ""e_potential"": -0.155, ""T"": 298.15, ""I"": 0.25, ""pMg"": 14.0}, ""intermembrane space of mitochondria"": {""pH"": 7.0, ""e_potential"": 0, ""T"": 298.15, ""I"": 0.25, ""pMg"": 14.0}, ""peroxisome/glyoxysome"": {""pH"": 7.0, ""e_potential"": 0.012, ""T"": 298.15, ""I"": 0.25, ""pMg"": 14.0}}"
iCHOv1_DG44,Cricetulus griseus,"{""c"": {""pH"": 7.2, ""e_potential"": 0, ""T"": 298.15, ""I"": 0.25, ""pMg"": 14.0}, ""e"": {""pH"": 7.4, ""e_potential"": 0.03, ""T"": 298.15, ""I"": 0.25, ""pMg"": 14.0}, ""n"": {""pH"": 7.2, ""e_potential"": 0, ""T"": 298.15, ""I"": 0.25, ""pMg"": 14.0}, ""r"": {""pH"": 7.2, ""e_potential"": 0, ""T"": 298.15, ""I"": 0.25, ""pMg"": 14.0}, ""g"": {""pH"": 6.35, ""e_potential"": 0, ""T"": 298.15, ""I"": 0.25, ""pMg"": 14.0}, ""l"": {""pH"": 5.5, ""e_potential"": 0.019, ""T"": 298.15, ""I"": 0.25, ""pMg"": 14.0}, ""m"": {""pH"": 8.0, ""e_potential"": -0.155, ""T"": 298.15, ""I"": 0.25, ""pMg"": 14.0}, ""im"": {""pH"": 7.0, ""e_potential"": 0, ""T"": 298.15, ""I"": 0.25, ""pMg"": 14.0}, ""x"": {""pH"": 7.0, ""e_potential"": 0.012, ""T"": 298.15, ""I"": 0.25, ""pMg"": 14.0}, ""mm"": {""pH"": 7.0, ""e_potential"": 0, ""T"": 298.15, ""I"": 0.25, ""pMg"": 14.0}}","{""cytosol"": {""pH"": 7.2, ""e_potential"": 0, ""T"": 298.15, ""I"": 0.25, ""pMg"": 14.0}, ""extracellular space"": {""pH"": 7.4, ""e_potential"": 0.03, ""T"": 298.15, ""I"": 0.25, ""pMg"": 14.0}, ""nucleus"": {""pH"": 7.2, ""e_potential"": 0, ""T"": 298.15, ""I"": 0.25, ""pMg"": 14.0}, ""endoplasmic reticulum"": {""pH"": 7.2, ""e_potential"": 0, ""T"": 298.15, ""I"": 0.25, ""pMg"": 14.0}, ""golgi apparatus"": {""pH"": 6.35, ""e_potential"": 0, ""T"": 298.15, ""I"": 0.25, ""pMg"": 14.0}, ""lysosome"": {""pH"": 5.5, ""e_potential"": 0.019, ""T"": 298.15, ""I"": 0.25, ""pMg"": 14.0}, ""mitochondria"": {""pH"": 8.0, ""e_potential"": -0.155, ""T"": 298.15, ""I"": 0.25, ""pMg"": 14.0}, ""intermembrane space of mitochondria"": {""pH"": 7.0, ""e_potential"": 0, ""T"": 298.15, ""I"": 0.25, ""pMg"": 14.0}, ""peroxisome/glyoxysome"": {""pH"": 7.0, ""e_potential"": 0.012, ""T"": 298.15, ""I"": 0.25, ""pMg"": 14.0}, ""mitochondrial intermembrane"": {""pH"": 7.0, ""e_potential"": 0, ""T"": 298.15, ""I"": 0.25, ""pMg"": 14.0}}"
iCN718,Acinetobacter baumannii,"{""c"": {""T"": 298.15, ""pH"": 7.5, ""I"": 0.25, ""pMg"": 14.0, ""e_potential"": -0.125}, ""e"": {""T"": 298.15, ""pH"": 7.0, ""I"": 0.25, ""pMg"": 14.0, ""e_potential"": 0.0}, ""p"": {""T"": 298.15, ""pH"": 7.0, ""I"": 0.25, ""pMg"": 14.0, ""e_potential"": 0.0}, ""r"": {""T"": 298.15, ""pH"": 7.0, ""I"": 0.25, ""pMg"": 14.0, ""e_potential"": 0.0}}","{""cytosol"": {""T"": 298.15, ""pH"": 7.5, ""I"": 0.25, ""pMg"": 14.0, ""e_potential"": -0.125}, ""extracellular space"": {""T"": 298.15, ""pH"": 7.0, ""I"": 0.25, ""pMg"": 14.0, ""e_potential"": 0.0}, ""periplasm"": {""T"": 298.15, ""pH"": 7.0, ""I"": 0.25, ""pMg"": 14.0, ""e_potential"": 0.0}, ""endoplasmic reticulum"": {""T"": 298.15, ""pH"": 7.0, ""I"": 0.25, ""pMg"": 14.0, ""e_potential"": 0.0}}"
iCN900,Clostridioides difficile,"{""c"": {""T"": 298.15, ""pH"": 7.5, ""I"": 0.25, ""pMg"": 14.0, ""e_potential"": -0.125}, ""e"": {""T"": 298.15, ""pH"": 7.0, ""I"": 0.25, ""pMg"": 14.0, ""e_potential"": 0.0}}","{""cytosol"": {""T"": 298.15, ""pH"": 7.5, ""I"": 0.25, ""pMg"": 14.0, ""e_potential"": -0.125}, ""extracellular space"": {""T"": 298.15, ""pH"": 7.0, ""I"": 0.25, ""pMg"": 14.0, ""e_potential"": 0.0}}"
iE2348C_1286,Escherichia coli,"{""c"": {""T"": 298.15, ""pH"": 7.5, ""I"": 0.25, ""pMg"": 14.0, ""e_potential"": -0.125}, ""e"": {""T"": 298.15, ""pH"": 7.0, ""I"": 0.25, ""pMg"": 14.0, ""e_potential"": 0.0}, ""p"": {""T"": 298.15, ""pH"": 7.0, ""I"": 0.25, ""pMg"": 14.0, ""e_potential"": 0.0}}","{""cytosol"": {""T"": 298.15, ""pH"": 7.5, ""I"": 0.25, ""pMg"": 14.0, ""e_potential"": -0.125}, ""extracellular space"": {""T"": 298.15, ""pH"": 7.0, ""I"": 0.25, ""pMg"": 14.0, ""e_potential"": 0.0}, ""periplasm"": {""T"": 298.15, ""pH"": 7.0, ""I"": 0.25, ""pMg"": 14.0, ""e_potential"": 0.0}}"
iEC042_1314,Escherichia coli,"{""c"": {""T"": 298.15, ""pH"": 7.5, ""I"": 0.25, ""pMg"": 14.0, ""e_potential"": -0.125}, ""e"": {""T"": 298.15, ""pH"": 7.0, ""I"": 0.25, ""pMg"": 14.0, ""e_potential"": 0.0}, ""p"": {""T"": 298.15, ""pH"": 7.0, ""I"": 0.25, ""pMg"": 14.0, ""e_potential"": 0.0}}","{""cytosol"": {""T"": 298.15, ""pH"": 7.5, ""I"": 0.25, ""pMg"": 14.0, ""e_potential"": -0.125}, ""extracellular space"": {""T"": 298.15, ""pH"": 7.0, ""I"": 0.25, ""pMg"": 14.0, ""e_potential"": 0.0}, ""periplasm"": {""T"": 298.15, ""pH"": 7.0, ""I"": 0.25, ""pMg"": 14.0, ""e_potential"": 0.0}}"
iEC1344_C,Escherichia coli,"{""c"": {""T"": 298.15, ""pH"": 7.5, ""I"": 0.25, ""pMg"": 14.0, ""e_potential"": -0.125}, ""e"": {""T"": 298.15, ""pH"": 7.0, ""I"": 0.25, ""pMg"": 14.0, ""e_potential"": 0.0}, ""p"": {""T"": 298.15, ""pH"": 7.0, ""I"": 0.25, ""pMg"": 14.0, ""e_potential"": 0.0}}","{""cytosol"": {""T"": 298.15, ""pH"": 7.5, ""I"": 0.25, ""pMg"": 14.0, ""e_potential"": -0.125}, ""extracellular space"": {""T"": 298.15, ""pH"": 7.0, ""I"": 0.25, ""pMg"": 14.0, ""e_potential"": 0.0}, ""periplasm"": {""T"": 298.15, ""pH"": 7.0, ""I"": 0.25, ""pMg"": 14.0, ""e_potential"": 0.0}}"
iEC1349_Crooks,Escherichia coli,"{""c"": {""T"": 298.15, ""pH"": 7.5, ""I"": 0.25, ""pMg"": 14.0, ""e_potential"": -0.125}, ""e"": {""T"": 298.15, ""pH"": 7.0, ""I"": 0.25, ""pMg"": 14.0, ""e_potential"": 0.0}, ""p"": {""T"": 298.15, ""pH"": 7.0, ""I"": 0.25, ""pMg"": 14.0, ""e_potential"": 0.0}}","{""cytosol"": {""T"": 298.15, ""pH"": 7.5, ""I"": 0.25, ""pMg"": 14.0, ""e_potential"": -0.125}, ""extracellular space"": {""T"": 298.15, ""pH"": 7.0, ""I"": 0.25, ""pMg"": 14.0, ""e_potential"": 0.0}, ""periplasm"": {""T"": 298.15, ""pH"": 7.0, ""I"": 0.25, ""pMg"": 14.0, ""e_potential"": 0.0}}"
iEC1356_Bl21DE3,Escherichia coli,"{""c"": {""T"": 298.15, ""pH"": 7.5, ""I"": 0.25, ""pMg"": 14.0, ""e_potential"": -0.125}, ""e"": {""T"": 298.15, ""pH"": 7.0, ""I"": 0.25, ""pMg"": 14.0, ""e_potential"": 0.0}, ""p"": {""T"": 298.15, ""pH"": 7.0, ""I"": 0.25, ""pMg"": 14.0, ""e_potential"": 0.0}}","{""cytosol"": {""T"": 298.15, ""pH"": 7.5, ""I"": 0.25, ""pMg"": 14.0, ""e_potential"": -0.125}, ""extracellular space"": {""T"": 298.15, ""pH"": 7.0, ""I"": 0.25, ""pMg"": 14.0, ""e_potential"": 0.0}, ""periplasm"": {""T"": 298.15, ""pH"": 7.0, ""I"": 0.25, ""pMg"": 14.0, ""e_potential"": 0.0}}"
iEC1364_W,Escherichia coli,"{""c"": {""T"": 298.15, ""pH"": 7.5, ""I"": 0.25, ""pMg"": 14.0, ""e_potential"": -0.125}, ""e"": {""T"": 298.15, ""pH"": 7.0, ""I"": 0.25, ""pMg"": 14.0, ""e_potential"": 0.0}, ""p"": {""T"": 298.15, ""pH"": 7.0, ""I"": 0.25, ""pMg"": 14.0, ""e_potential"": 0.0}}","{""cytosol"": {""T"": 298.15, ""pH"": 7.5, ""I"": 0.25, ""pMg"": 14.0, ""e_potential"": -0.125}, ""extracellular space"": {""T"": 298.15, ""pH"": 7.0, ""I"": 0.25, ""pMg"": 14.0, ""e_potential"": 0.0}, ""periplasm"": {""T"": 298.15, ""pH"": 7.0, ""I"": 0.25, ""pMg"": 14.0, ""e_potential"": 0.0}}"
iEC1368_DH5a,Escherichia coli,"{""c"": {""T"": 298.15, ""pH"": 7.5, ""I"": 0.25, ""pMg"": 14.0, ""e_potential"": -0.125}, ""e"": {""T"": 298.15, ""pH"": 7.0, ""I"": 0.25, ""pMg"": 14.0, ""e_potential"": 0.0}, ""p"": {""T"": 298.15, ""pH"": 7.0, ""I"": 0.25, ""pMg"": 14.0, ""e_potential"": 0.0}}","{""cytosol"": {""T"": 298.15, ""pH"": 7.5, ""I"": 0.25, ""pMg"": 14.0, ""e_potential"": -0.125}, ""extracellular space"": {""T"": 298.15, ""pH"": 7.0, ""I"": 0.25, ""pMg"": 14.0, ""e_potential"": 0.0}, ""periplasm"": {""T"": 298.15, ""pH"": 7.0, ""I"": 0.25, ""pMg"": 14.0, ""e_potential"": 0.0}}"
iEC1372_W3110,Escherichia coli,"{""c"": {""T"": 298.15, ""pH"": 7.5, ""I"": 0.25, ""pMg"": 14.0, ""e_potential"": -0.125}, ""e"": {""T"": 298.15, ""pH"": 7.0, ""I"": 0.25, ""pMg"": 14.0, ""e_potential"": 0.0}, ""p"": {""T"": 298.15, ""pH"": 7.0, ""I"": 0.25, ""pMg"": 14.0, ""e_potential"": 0.0}}","{""cytosol"": {""T"": 298.15, ""pH"": 7.5, ""I"": 0.25, ""pMg"": 14.0, ""e_potential"": -0.125}, ""extracellular space"": {""T"": 298.15, ""pH"": 7.0, ""I"": 0.25, ""pMg"": 14.0, ""e_potential"": 0.0}, ""periplasm"": {""T"": 298.15, ""pH"": 7.0, ""I"": 0.25, ""pMg"": 14.0, ""e_potential"": 0.0}}"
iEC55989_1330,Escherichia coli,"{""c"": {""T"": 298.15, ""pH"": 7.5, ""I"": 0.25, ""pMg"": 14.0, ""e_potential"": -0.125}, ""e"": {""T"": 298.15, ""pH"": 7.0, ""I"": 0.25, ""pMg"": 14.0, ""e_potential"": 0.0}, ""p"": {""T"": 298.15, ""pH"": 7.0, ""I"": 0.25, ""pMg"": 14.0, ""e_potential"": 0.0}}","{""cytosol"": {""T"": 298.15, ""pH"": 7.5, ""I"": 0.25, ""pMg"": 14.0, ""e_potential"": -0.125}, ""extracellular space"": {""T"": 298.15, ""pH"": 7.0, ""I"": 0.25, ""pMg"": 14.0, ""e_potential"": 0.0}, ""periplasm"": {""T"": 298.15, ""pH"": 7.0, ""I"": 0.25, ""pMg"": 14.0, ""e_potential"": 0.0}}"
iECABU_c1320,Escherichia coli,"{""c"": {""T"": 298.15, ""pH"": 7.5, ""I"": 0.25, ""pMg"": 14.0, ""e_potential"": -0.125}, ""e"": {""T"": 298.15, ""pH"": 7.0, ""I"": 0.25, ""pMg"": 14.0, ""e_potential"": 0.0}, ""p"": {""T"": 298.15, ""pH"": 7.0, ""I"": 0.25, ""pMg"": 14.0, ""e_potential"": 0.0}}","{""cytosol"": {""T"": 298.15, ""pH"": 7.5, ""I"": 0.25, ""pMg"": 14.0, ""e_potential"": -0.125}, ""extracellular space"": {""T"": 298.15, ""pH"": 7.0, ""I"": 0.25, ""pMg"": 14.0, ""e_potential"": 0.0}, ""periplasm"": {""T"": 298.15, ""pH"": 7.0, ""I"": 0.25, ""pMg"": 14.0, ""e_potential"": 0.0}}"
iECB_1328,Escherichia coli,"{""c"": {""T"": 298.15, ""pH"": 7.5, ""I"": 0.25, ""pMg"": 14.0, ""e_potential"": -0.125}, ""e"": {""T"": 298.15, ""pH"": 7.0, ""I"": 0.25, ""pMg"": 14.0, ""e_potential"": 0.0}, ""p"": {""T"": 298.15, ""pH"": 7.0, ""I"": 0.25, ""pMg"": 14.0, ""e_potential"": 0.0}}","{""cytosol"": {""T"": 298.15, ""pH"": 7.5, ""I"": 0.25, ""pMg"": 14.0, ""e_potential"": -0.125}, ""extracellular space"": {""T"": 298.15, ""pH"": 7.0, ""I"": 0.25, ""pMg"": 14.0, ""e_potential"": 0.0}, ""periplasm"": {""T"": 298.15, ""pH"": 7.0, ""I"": 0.25, ""pMg"": 14.0, ""e_potential"": 0.0}}"
iECBD_1354,Escherichia coli,"{""c"": {""T"": 298.15, ""pH"": 7.5, ""I"": 0.25, ""pMg"": 14.0, ""e_potential"": -0.125}, ""e"": {""T"": 298.15, ""pH"": 7.0, ""I"": 0.25, ""pMg"": 14.0, ""e_potential"": 0.0}, ""p"": {""T"": 298.15, ""pH"": 7.0, ""I"": 0.25, ""pMg"": 14.0, ""e_potential"": 0.0}}","{""cytosol"": {""T"": 298.15, ""pH"": 7.5, ""I"": 0.25, ""pMg"": 14.0, ""e_potential"": -0.125}, ""extracellular space"": {""T"": 298.15, ""pH"": 7.0, ""I"": 0.25, ""pMg"": 14.0, ""e_potential"": 0.0}, ""periplasm"": {""T"": 298.15, ""pH"": 7.0, ""I"": 0.25, ""pMg"": 14.0, ""e_potential"": 0.0}}"
iECD_1391,Escherichia coli,"{""c"": {""T"": 298.15, ""pH"": 7.5, ""I"": 0.25, ""pMg"": 14.0, ""e_potential"": -0.125}, ""e"": {""T"": 298.15, ""pH"": 7.0, ""I"": 0.25, ""pMg"": 14.0, ""e_potential"": 0.0}, ""p"": {""T"": 298.15, ""pH"": 7.0, ""I"": 0.25, ""pMg"": 14.0, ""e_potential"": 0.0}}","{""cytosol"": {""T"": 298.15, ""pH"": 7.5, ""I"": 0.25, ""pMg"": 14.0, ""e_potential"": -0.125}, ""extracellular space"": {""T"": 298.15, ""pH"": 7.0, ""I"": 0.25, ""pMg"": 14.0, ""e_potential"": 0.0}, ""periplasm"": {""T"": 298.15, ""pH"": 7.0, ""I"": 0.25, ""pMg"": 14.0, ""e_potential"": 0.0}}"
iECDH10B_1368,Escherichia coli,"{""c"": {""T"": 298.15, ""pH"": 7.5, ""I"": 0.25, ""pMg"": 14.0, ""e_potential"": -0.125}, ""e"": {""T"": 298.15, ""pH"": 7.0, ""I"": 0.25, ""pMg"": 14.0, ""e_potential"": 0.0}, ""p"": {""T"": 298.15, ""pH"": 7.0, ""I"": 0.25, ""pMg"": 14.0, ""e_potential"": 0.0}}","{""cytosol"": {""T"": 298.15, ""pH"": 7.5, ""I"": 0.25, ""pMg"": 14.0, ""e_potential"": -0.125}, ""extracellular space"": {""T"": 298.15, ""pH"": 7.0, ""I"": 0.25, ""pMg"": 14.0, ""e_potential"": 0.0}, ""periplasm"": {""T"": 298.15, ""pH"": 7.0, ""I"": 0.25, ""pMg"": 14.0, ""e_potential"": 0.0}}"
iEcDH1_1363,Escherichia coli,"{""c"": {""T"": 298.15, ""pH"": 7.5, ""I"": 0.25, ""pMg"": 14.0, ""e_potential"": -0.125}, ""e"": {""T"": 298.15, ""pH"": 7.0, ""I"": 0.25, ""pMg"": 14.0, ""e_potential"": 0.0}, ""p"": {""T"": 298.15, ""pH"": 7.0, ""I"": 0.25, ""pMg"": 14.0, ""e_potential"": 0.0}}","{""cytosol"": {""T"": 298.15, ""pH"": 7.5, ""I"": 0.25, ""pMg"": 14.0, ""e_potential"": -0.125}, ""extracellular space"": {""T"": 298.15, ""pH"": 7.0, ""I"": 0.25, ""pMg"": 14.0, ""e_potential"": 0.0}, ""periplasm"": {""T"": 298.15, ""pH"": 7.0, ""I"": 0.25, ""pMg"": 14.0, ""e_potential"": 0.0}}"
iECDH1ME8569_1439,Escherichia coli,"{""c"": {""T"": 298.15, ""pH"": 7.5, ""I"": 0.25, ""pMg"": 14.0, ""e_potential"": -0.125}, ""e"": {""T"": 298.15, ""pH"": 7.0, ""I"": 0.25, ""pMg"": 14.0, ""e_potential"": 0.0}, ""p"": {""T"": 298.15, ""pH"": 7.0, ""I"": 0.25, ""pMg"": 14.0, ""e_potential"": 0.0}}","{""cytosol"": {""T"": 298.15, ""pH"": 7.5, ""I"": 0.25, ""pMg"": 14.0, ""e_potential"": -0.125}, ""extracellular space"": {""T"": 298.15, ""pH"": 7.0, ""I"": 0.25, ""pMg"": 14.0, ""e_potential"": 0.0}, ""periplasm"": {""T"": 298.15, ""pH"": 7.0, ""I"": 0.25, ""pMg"": 14.0, ""e_potential"": 0.0}}"
iEcE24377_1341,Escherichia coli,"{""c"": {""T"": 298.15, ""pH"": 7.5, ""I"": 0.25, ""pMg"": 14.0, ""e_potential"": -0.125}, ""e"": {""T"": 298.15, ""pH"": 7.0, ""I"": 0.25, ""pMg"": 14.0, ""e_potential"": 0.0}, ""p"": {""T"": 298.15, ""pH"": 7.0, ""I"": 0.25, ""pMg"": 14.0, ""e_potential"": 0.0}}","{""cytosol"": {""T"": 298.15, ""pH"": 7.5, ""I"": 0.25, ""pMg"": 14.0, ""e_potential"": -0.125}, ""extracellular space"": {""T"": 298.15, ""pH"": 7.0, ""I"": 0.25, ""pMg"": 14.0, ""e_potential"": 0.0}, ""periplasm"": {""T"": 298.15, ""pH"": 7.0, ""I"": 0.25, ""pMg"": 14.0, ""e_potential"": 0.0}}"
iECED1_1282,Escherichia coli,"{""c"": {""T"": 298.15, ""pH"": 7.5, ""I"": 0.25, ""pMg"": 14.0, ""e_potential"": -0.125}, ""e"": {""T"": 298.15, ""pH"": 7.0, ""I"": 0.25, ""pMg"": 14.0, ""e_potential"": 0.0}, ""p"": {""T"": 298.15, ""pH"": 7.0, ""I"": 0.25, ""pMg"": 14.0, ""e_potential"": 0.0}}","{""cytosol"": {""T"": 298.15, ""pH"": 7.5, ""I"": 0.25, ""pMg"": 14.0, ""e_potential"": -0.125}, ""extracellular space"": {""T"": 298.15, ""pH"": 7.0, ""I"": 0.25, ""pMg"": 14.0, ""e_potential"": 0.0}, ""periplasm"": {""T"": 298.15, ""pH"": 7.0, ""I"": 0.25, ""pMg"": 14.0, ""e_potential"": 0.0}}"
iECH74115_1262,Escherichia coli,"{""c"": {""T"": 298.15, ""pH"": 7.5, ""I"": 0.25, ""pMg"": 14.0, ""e_potential"": -0.125}, ""e"": {""T"": 298.15, ""pH"": 7.0, ""I"": 0.25, ""pMg"": 14.0, ""e_potential"": 0.0}, ""p"": {""T"": 298.15, ""pH"": 7.0, ""I"": 0.25, ""pMg"": 14.0, ""e_potential"": 0.0}}","{""cytosol"": {""T"": 298.15, ""pH"": 7.5, ""I"": 0.25, ""pMg"": 14.0, ""e_potential"": -0.125}, ""extracellular space"": {""T"": 298.15, ""pH"": 7.0, ""I"": 0.25, ""pMg"": 14.0, ""e_potential"": 0.0}, ""periplasm"": {""T"": 298.15, ""pH"": 7.0, ""I"": 0.25, ""pMg"": 14.0, ""e_potential"": 0.0}}"
iEcHS_1320,Escherichia coli,"{""c"": {""T"": 298.15, ""pH"": 7.5, ""I"": 0.25, ""pMg"": 14.0, ""e_potential"": -0.125}, ""e"": {""T"": 298.15, ""pH"": 7.0, ""I"": 0.25, ""pMg"": 14.0, ""e_potential"": 0.0}, ""p"": {""T"": 298.15, ""pH"": 7.0, ""I"": 0.25, ""pMg"": 14.0, ""e_potential"": 0.0}}","{""cytosol"": {""T"": 298.15, ""pH"": 7.5, ""I"": 0.25, ""pMg"": 14.0, ""e_potential"": -0.125}, ""extracellular space"": {""T"": 298.15, ""pH"": 7.0, ""I"": 0.25, ""pMg"": 14.0, ""e_potential"": 0.0}, ""periplasm"": {""T"": 298.15, ""pH"": 7.0, ""I"": 0.25, ""pMg"": 14.0, ""e_potential"": 0.0}}"
iECIAI1_1343,Escherichia coli,"{""c"": {""T"": 298.15, ""pH"": 7.5, ""I"": 0.25, ""pMg"": 14.0, ""e_potential"": -0.125}, ""e"": {""T"": 298.15, ""pH"": 7.0, ""I"": 0.25, ""pMg"": 14.0, ""e_potential"": 0.0}, ""p"": {""T"": 298.15, ""pH"": 7.0, ""I"": 0.25, ""pMg"": 14.0, ""e_potential"": 0.0}}","{""cytosol"": {""T"": 298.15, ""pH"": 7.5, ""I"": 0.25, ""pMg"": 14.0, ""e_potential"": -0.125}, ""extracellular space"": {""T"": 298.15, ""pH"": 7.0, ""I"": 0.25, ""pMg"": 14.0, ""e_potential"": 0.0}, ""periplasm"": {""T"": 298.15, ""pH"": 7.0, ""I"": 0.25, ""pMg"": 14.0, ""e_potential"": 0.0}}"
iECIAI39_1322,Escherichia coli,"{""c"": {""T"": 298.15, ""pH"": 7.5, ""I"": 0.25, ""pMg"": 14.0, ""e_potential"": -0.125}, ""e"": {""T"": 298.15, ""pH"": 7.0, ""I"": 0.25, ""pMg"": 14.0, ""e_potential"": 0.0}, ""p"": {""T"": 298.15, ""pH"": 7.0, ""I"": 0.25, ""pMg"": 14.0, ""e_potential"": 0.0}}","{""cytosol"": {""T"": 298.15, ""pH"": 7.5, ""I"": 0.25, ""pMg"": 14.0, ""e_potential"": -0.125}, ""extracellular space"": {""T"": 298.15, ""pH"": 7.0, ""I"": 0.25, ""pMg"": 14.0, ""e_potential"": 0.0}, ""periplasm"": {""T"": 298.15, ""pH"": 7.0, ""I"": 0.25, ""pMg"": 14.0, ""e_potential"": 0.0}}"
iECNA114_1301,Escherichia coli,"{""c"": {""T"": 298.15, ""pH"": 7.5, ""I"": 0.25, ""pMg"": 14.0, ""e_potential"": -0.125}, ""e"": {""T"": 298.15, ""pH"": 7.0, ""I"": 0.25, ""pMg"": 14.0, ""e_potential"": 0.0}, ""p"": {""T"": 298.15, ""pH"": 7.0, ""I"": 0.25, ""pMg"": 14.0, ""e_potential"": 0.0}}","{""cytosol"": {""T"": 298.15, ""pH"": 7.5, ""I"": 0.25, ""pMg"": 14.0, ""e_potential"": -0.125}, ""extracellular space"": {""T"": 298.15, ""pH"": 7.0, ""I"": 0.25, ""pMg"": 14.0, ""e_potential"": 0.0}, ""periplasm"": {""T"": 298.15, ""pH"": 7.0, ""I"": 0.25, ""pMg"": 14.0, ""e_potential"": 0.0}}"
iECO103_1326,Escherichia coli,"{""c"": {""T"": 298.15, ""pH"": 7.5, ""I"": 0.25, ""pMg"": 14.0, ""e_potential"": -0.125}, ""e"": {""T"": 298.15, ""pH"": 7.0, ""I"": 0.25, ""pMg"": 14.0, ""e_potential"": 0.0}, ""p"": {""T"": 298.15, ""pH"": 7.0, ""I"": 0.25, ""pMg"": 14.0, ""e_potential"": 0.0}}","{""cytosol"": {""T"": 298.15, ""pH"": 7.5, ""I"": 0.25, ""pMg"": 14.0, ""e_potential"": -0.125}, ""extracellular space"": {""T"": 298.15, ""pH"": 7.0, ""I"": 0.25, ""pMg"": 14.0, ""e_potential"": 0.0}, ""periplasm"": {""T"": 298.15, ""pH"": 7.0, ""I"": 0.25, ""pMg"": 14.0, ""e_potential"": 0.0}}"
iECO111_1330,Escherichia coli,"{""c"": {""T"": 298.15, ""pH"": 7.5, ""I"": 0.25, ""pMg"": 14.0, ""e_potential"": -0.125}, ""e"": {""T"": 298.15, ""pH"": 7.0, ""I"": 0.25, ""pMg"": 14.0, ""e_potential"": 0.0}, ""p"": {""T"": 298.15, ""pH"": 7.0, ""I"": 0.25, ""pMg"": 14.0, ""e_potential"": 0.0}}","{""cytosol"": {""T"": 298.15, ""pH"": 7.5, ""I"": 0.25, ""pMg"": 14.0, ""e_potential"": -0.125}, ""extracellular space"": {""T"": 298.15, ""pH"": 7.0, ""I"": 0.25, ""pMg"": 14.0, ""e_potential"": 0.0}, ""periplasm"": {""T"": 298.15, ""pH"": 7.0, ""I"": 0.25, ""pMg"": 14.0, ""e_potential"": 0.0}}"
iECO26_1355,Escherichia coli,"{""c"": {""T"": 298.15, ""pH"": 7.5, ""I"": 0.25, ""pMg"": 14.0, ""e_potential"": -0.125}, ""e"": {""T"": 298.15, ""pH"": 7.0, ""I"": 0.25, ""pMg"": 14.0, ""e_potential"": 0.0}, ""p"": {""T"": 298.15, ""pH"": 7.0, ""I"": 0.25, ""pMg"": 14.0, ""e_potential"": 0.0}}","{""cytosol"": {""T"": 298.15, ""pH"": 7.5, ""I"": 0.25, ""pMg"": 14.0, ""e_potential"": -0.125}, ""extracellular space"": {""T"": 298.15, ""pH"": 7.0, ""I"": 0.25, ""pMg"": 14.0, ""e_potential"": 0.0}, ""periplasm"": {""T"": 298.15, ""pH"": 7.0, ""I"": 0.25, ""pMg"": 14.0, ""e_potential"": 0.0}}"
iECOK1_1307,Escherichia coli,"{""c"": {""T"": 298.15, ""pH"": 7.5, ""I"": 0.25, ""pMg"": 14.0, ""e_potential"": -0.125}, ""e"": {""T"": 298.15, ""pH"": 7.0, ""I"": 0.25, ""pMg"": 14.0, ""e_potential"": 0.0}, ""p"": {""T"": 298.15, ""pH"": 7.0, ""I"": 0.25, ""pMg"": 14.0, ""e_potential"": 0.0}}","{""cytosol"": {""T"": 298.15, ""pH"": 7.5, ""I"": 0.25, ""pMg"": 14.0, ""e_potential"": -0.125}, ""extracellular space"": {""T"": 298.15, ""pH"": 7.0, ""I"": 0.25, ""pMg"": 14.0, ""e_potential"": 0.0}, ""periplasm"": {""T"": 298.15, ""pH"": 7.0, ""I"": 0.25, ""pMg"": 14.0, ""e_potential"": 0.0}}"
iEcolC_1368,Escherichia coli,"{""c"": {""T"": 298.15, ""pH"": 7.5, ""I"": 0.25, ""pMg"": 14.0, ""e_potential"": -0.125}, ""e"": {""T"": 298.15, ""pH"": 7.0, ""I"": 0.25, ""pMg"": 14.0, ""e_potential"": 0.0}, ""p"": {""T"": 298.15, ""pH"": 7.0, ""I"": 0.25, ""pMg"": 14.0, ""e_potential"": 0.0}}","{""cytosol"": {""T"": 298.15, ""pH"": 7.5, ""I"": 0.25, ""pMg"": 14.0, ""e_potential"": -0.125}, ""extracellular space"": {""T"": 298.15, ""pH"": 7.0, ""I"": 0.25, ""pMg"": 14.0, ""e_potential"": 0.0}, ""periplasm"": {""T"": 298.15, ""pH"": 7.0, ""I"": 0.25, ""pMg"": 14.0, ""e_potential"": 0.0}}"
iECP_1309,Escherichia coli,"{""c"": {""T"": 298.15, ""pH"": 7.5, ""I"": 0.25, ""pMg"": 14.0, ""e_potential"": -0.125}, ""e"": {""T"": 298.15, ""pH"": 7.0, ""I"": 0.25, ""pMg"": 14.0, ""e_potential"": 0.0}, ""p"": {""T"": 298.15, ""pH"": 7.0, ""I"": 0.25, ""pMg"": 14.0, ""e_potential"": 0.0}}","{""cytosol"": {""T"": 298.15, ""pH"": 7.5, ""I"": 0.25, ""pMg"": 14.0, ""e_potential"": -0.125}, ""extracellular space"": {""T"": 298.15, ""pH"": 7.0, ""I"": 0.25, ""pMg"": 14.0, ""e_potential"": 0.0}, ""periplasm"": {""T"": 298.15, ""pH"": 7.0, ""I"": 0.25, ""pMg"": 14.0, ""e_potential"": 0.0}}"
iECs_1301,Escherichia coli,"{""c"": {""T"": 298.15, ""pH"": 7.5, ""I"": 0.25, ""pMg"": 14.0, ""e_potential"": -0.125}, ""e"": {""T"": 298.15, ""pH"": 7.0, ""I"": 0.25, ""pMg"": 14.0, ""e_potential"": 0.0}, ""p"": {""T"": 298.15, ""pH"": 7.0, ""I"": 0.25, ""pMg"": 14.0, ""e_potential"": 0.0}}","{""cytosol"": {""T"": 298.15, ""pH"": 7.5, ""I"": 0.25, ""pMg"": 14.0, ""e_potential"": -0.125}, ""extracellular space"": {""T"": 298.15, ""pH"": 7.0, ""I"": 0.25, ""pMg"": 14.0, ""e_potential"": 0.0}, ""periplasm"": {""T"": 298.15, ""pH"": 7.0, ""I"": 0.25, ""pMg"": 14.0, ""e_potential"": 0.0}}"
iECS88_1305,Escherichia coli,"{""c"": {""T"": 298.15, ""pH"": 7.5, ""I"": 0.25, ""pMg"": 14.0, ""e_potential"": -0.125}, ""e"": {""T"": 298.15, ""pH"": 7.0, ""I"": 0.25, ""pMg"": 14.0, ""e_potential"": 0.0}, ""p"": {""T"": 298.15, ""pH"": 7.0, ""I"": 0.25, ""pMg"": 14.0, ""e_potential"": 0.0}}","{""cytosol"": {""T"": 298.15, ""pH"": 7.5, ""I"": 0.25, ""pMg"": 14.0, ""e_potential"": -0.125}, ""extracellular space"": {""T"": 298.15, ""pH"": 7.0, ""I"": 0.25, ""pMg"": 14.0, ""e_potential"": 0.0}, ""periplasm"": {""T"": 298.15, ""pH"": 7.0, ""I"": 0.25, ""pMg"": 14.0, ""e_potential"": 0.0}}"
iECSE_1348,Escherichia coli,"{""c"": {""T"": 298.15, ""pH"": 7.5, ""I"": 0.25, ""pMg"": 14.0, ""e_potential"": -0.125}, ""e"": {""T"": 298.15, ""pH"": 7.0, ""I"": 0.25, ""pMg"": 14.0, ""e_potential"": 0.0}, ""p"": {""T"": 298.15, ""pH"": 7.0, ""I"": 0.25, ""pMg"": 14.0, ""e_potential"": 0.0}}","{""cytosol"": {""T"": 298.15, ""pH"": 7.5, ""I"": 0.25, ""pMg"": 14.0, ""e_potential"": -0.125}, ""extracellular space"": {""T"": 298.15, ""pH"": 7.0, ""I"": 0.25, ""pMg"": 14.0, ""e_potential"": 0.0}, ""periplasm"": {""T"": 298.15, ""pH"": 7.0, ""I"": 0.25, ""pMg"": 14.0, ""e_potential"": 0.0}}"
iECSF_1327,Escherichia coli,"{""c"": {""T"": 298.15, ""pH"": 7.5, ""I"": 0.25, ""pMg"": 14.0, ""e_potential"": -0.125}, ""e"": {""T"": 298.15, ""pH"": 7.0, ""I"": 0.25, ""pMg"": 14.0, ""e_potential"": 0.0}, ""p"": {""T"": 298.15, ""pH"": 7.0, ""I"": 0.25, ""pMg"": 14.0, ""e_potential"": 0.0}}","{""cytosol"": {""T"": 298.15, ""pH"": 7.5, ""I"": 0.25, ""pMg"": 14.0, ""e_potential"": -0.125}, ""extracellular space"": {""T"": 298.15, ""pH"": 7.0, ""I"": 0.25, ""pMg"": 14.0, ""e_potential"": 0.0}, ""periplasm"": {""T"": 298.15, ""pH"": 7.0, ""I"": 0.25, ""pMg"": 14.0, ""e_potential"": 0.0}}"
iEcSMS35_1347,Escherichia coli,"{""c"": {""T"": 298.15, ""pH"": 7.5, ""I"": 0.25, ""pMg"": 14.0, ""e_potential"": -0.125}, ""e"": {""T"": 298.15, ""pH"": 7.0, ""I"": 0.25, ""pMg"": 14.0, ""e_potential"": 0.0}, ""p"": {""T"": 298.15, ""pH"": 7.0, ""I"": 0.25, ""pMg"": 14.0, ""e_potential"": 0.0}}","{""cytosol"": {""T"": 298.15, ""pH"": 7.5, ""I"": 0.25, ""pMg"": 14.0, ""e_potential"": -0.125}, ""extracellular space"": {""T"": 298.15, ""pH"": 7.0, ""I"": 0.25, ""pMg"": 14.0, ""e_potential"": 0.0}, ""periplasm"": {""T"": 298.15, ""pH"": 7.0, ""I"": 0.25, ""pMg"": 14.0, ""e_potential"": 0.0}}"
iECSP_1301,Escherichia coli,"{""c"": {""T"": 298.15, ""pH"": 7.5, ""I"": 0.25, ""pMg"": 14.0, ""e_potential"": -0.125}, ""e"": {""T"": 298.15, ""pH"": 7.0, ""I"": 0.25, ""pMg"": 14.0, ""e_potential"": 0.0}, ""p"": {""T"": 298.15, ""pH"": 7.0, ""I"": 0.25, ""pMg"": 14.0, ""e_potential"": 0.0}}","{""cytosol"": {""T"": 298.15, ""pH"": 7.5, ""I"": 0.25, ""pMg"": 14.0, ""e_potential"": -0.125}, ""extracellular space"": {""T"": 298.15, ""pH"": 7.0, ""I"": 0.25, ""pMg"": 14.0, ""e_potential"": 0.0}, ""periplasm"": {""T"": 298.15, ""pH"": 7.0, ""I"": 0.25, ""pMg"": 14.0, ""e_potential"": 0.0}}"
iECUMN_1333,Escherichia coli,"{""c"": {""T"": 298.15, ""pH"": 7.5, ""I"": 0.25, ""pMg"": 14.0, ""e_potential"": -0.125}, ""e"": {""T"": 298.15, ""pH"": 7.0, ""I"": 0.25, ""pMg"": 14.0, ""e_potential"": 0.0}, ""p"": {""T"": 298.15, ""pH"": 7.0, ""I"": 0.25, ""pMg"": 14.0, ""e_potential"": 0.0}}","{""cytosol"": {""T"": 298.15, ""pH"": 7.5, ""I"": 0.25, ""pMg"": 14.0, ""e_potential"": -0.125}, ""extracellular space"": {""T"": 298.15, ""pH"": 7.0, ""I"": 0.25, ""pMg"": 14.0, ""e_potential"": 0.0}, ""periplasm"": {""T"": 298.15, ""pH"": 7.0, ""I"": 0.25, ""pMg"": 14.0, ""e_potential"": 0.0}}"
iECW_1372,Escherichia coli,"{""c"": {""T"": 298.15, ""pH"": 7.5, ""I"": 0.25, ""pMg"": 14.0, ""e_potential"": -0.125}, ""e"": {""T"": 298.15, ""pH"": 7.0, ""I"": 0.25, ""pMg"": 14.0, ""e_potential"": 0.0}, ""p"": {""T"": 298.15, ""pH"": 7.0, ""I"": 0.25, ""pMg"": 14.0, ""e_potential"": 0.0}}","{""cytosol"": {""T"": 298.15, ""pH"": 7.5, ""I"": 0.25, ""pMg"": 14.0, ""e_potential"": -0.125}, ""extracellular space"": {""T"": 298.15, ""pH"": 7.0, ""I"": 0.25, ""pMg"": 14.0, ""e_potential"": 0.0}, ""periplasm"": {""T"": 298.15, ""pH"": 7.0, ""I"": 0.25, ""pMg"": 14.0, ""e_potential"": 0.0}}"
iEK1008,Mycobacterium tuberculosis,"{""e"": {""pH"": 7.7, ""e_potential"": 0.0, ""T"": 298.15, ""I"": 0.25, ""pMg"": 14.0}, ""c"": {""pH"": 7.0, ""e_potential"": 0.0, ""T"": 298.15, ""I"": 0.25, ""pMg"": 14.0}}","{""extracellular space"": {""pH"": 7.7, ""e_potential"": 0.0, ""T"": 298.15, ""I"": 0.25, ""pMg"": 14.0}, ""cytosol"": {""pH"": 7.0, ""e_potential"": 0.0, ""T"": 298.15, ""I"": 0.25, ""pMg"": 14.0}}"
iEKO11_1354,Escherichia coli,"{""c"": {""T"": 298.15, ""pH"": 7.5, ""I"": 0.25, ""pMg"": 14.0, ""e_potential"": -0.125}, ""e"": {""T"": 298.15, ""pH"": 7.0, ""I"": 0.25, ""pMg"": 14.0, ""e_potential"": 0.0}, ""p"": {""T"": 298.15, ""pH"": 7.0, ""I"": 0.25, ""pMg"": 14.0, ""e_potential"": 0.0}}","{""cytosol"": {""T"": 298.15, ""pH"": 7.5, ""I"": 0.25, ""pMg"": 14.0, ""e_potential"": -0.125}, ""extracellular space"": {""T"": 298.15, ""pH"": 7.0, ""I"": 0.25, ""pMg"": 14.0, ""e_potential"": 0.0}, ""periplasm"": {""T"": 298.15, ""pH"": 7.0, ""I"": 0.25, ""pMg"": 14.0, ""e_potential"": 0.0}}"
iETEC_1333,Escherichia coli,"{""c"": {""T"": 298.15, ""pH"": 7.5, ""I"": 0.25, ""pMg"": 14.0, ""e_potential"": -0.125}, ""e"": {""T"": 298.15, ""pH"": 7.0, ""I"": 0.25, ""pMg"": 14.0, ""e_potential"": 0.0}, ""p"": {""T"": 298.15, ""pH"": 7.0, ""I"": 0.25, ""pMg"": 14.0, ""e_potential"": 0.0}}","{""cytosol"": {""T"": 298.15, ""pH"": 7.5, ""I"": 0.25, ""pMg"": 14.0, ""e_potential"": -0.125}, ""extracellular space"": {""T"": 298.15, ""pH"": 7.0, ""I"": 0.25, ""pMg"": 14.0, ""e_potential"": 0.0}, ""periplasm"": {""T"": 298.15, ""pH"": 7.0, ""I"": 0.25, ""pMg"": 14.0, ""e_potential"": 0.0}}"
iG2583_1286,Escherichia coli,"{""c"": {""T"": 298.15, ""pH"": 7.5, ""I"": 0.25, ""pMg"": 14.0, ""e_potential"": -0.125}, ""e"": {""T"": 298.15, ""pH"": 7.0, ""I"": 0.25, ""pMg"": 14.0, ""e_potential"": 0.0}, ""p"": {""T"": 298.15, ""pH"": 7.0, ""I"": 0.25, ""pMg"": 14.0, ""e_potential"": 0.0}}","{""cytosol"": {""T"": 298.15, ""pH"": 7.5, ""I"": 0.25, ""pMg"": 14.0, ""e_potential"": -0.125}, ""extracellular space"": {""T"": 298.15, ""pH"": 7.0, ""I"": 0.25, ""pMg"": 14.0, ""e_potential"": 0.0}, ""periplasm"": {""T"": 298.15, ""pH"": 7.0, ""I"": 0.25, ""pMg"": 14.0, ""e_potential"": 0.0}}"
iHN637,Clostridium ljungdahlii,"{""c"": {""T"": 298.15, ""pH"": 7.5, ""I"": 0.25, ""pMg"": 14.0, ""e_potential"": -0.125}, ""e"": {""T"": 298.15, ""pH"": 7.0, ""I"": 0.25, ""pMg"": 14.0, ""e_potential"": 0.0}}","{""cytosol"": {""T"": 298.15, ""pH"": 7.5, ""I"": 0.25, ""pMg"": 14.0, ""e_potential"": -0.125}, ""extracellular space"": {""T"": 298.15, ""pH"": 7.0, ""I"": 0.25, ""pMg"": 14.0, ""e_potential"": 0.0}}"
iIS312,Trypanosoma cruzi,"{""c"": {""pH"": 7.1, ""e_potential"": 0.0, ""T"": 298.15, ""I"": 0.25, ""pMg"": 14.0}, ""e"": {""pH"": 7.4, ""e_potential"": 0.0, ""T"": 298.15, ""I"": 0.25, ""pMg"": 14.0}, ""x"": {""pH"": 7.0, ""e_potential"": 0.0, ""T"": 298.15, ""I"": 0.25, ""pMg"": 14.0}, ""m"": {""pH"": 8.0, ""e_potential"": -0.155, ""T"": 298.15, ""I"": 0.25, ""pMg"": 14.0}, ""n"": {""pH"": 7.2, ""e_potential"": 0.0, ""T"": 298.15, ""I"": 0.25, ""pMg"": 14.0}, ""r"": {""pH"": 7.2, ""e_potential"": 0.0, ""T"": 298.15, ""I"": 0.25, ""pMg"": 14.0}}","{""cytosol"": {""pH"": 7.1, ""e_potential"": 0.0, ""T"": 298.15, ""I"": 0.25, ""pMg"": 14.0}, ""extracellular space"": {""pH"": 7.4, ""e_potential"": 0.0, ""T"": 298.15, ""I"": 0.25, ""pMg"": 14.0}, ""peroxisome/glyoxysome"": {""pH"": 7.0, ""e_potential"": 0.0, ""T"": 298.15, ""I"": 0.25, ""pMg"": 14.0}, ""mitochondria"": {""pH"": 8.0, ""e_potential"": -0.155, ""T"": 298.15, ""I"": 0.25, ""pMg"": 14.0}, ""nucleus"": {""pH"": 7.2, ""e_potential"": 0.0, ""T"": 298.15, ""I"": 0.25, ""pMg"": 14.0}, ""endoplasmic reticulum"": {""pH"": 7.2, ""e_potential"": 0.0, ""T"": 298.15, ""I"": 0.25, ""pMg"": 14.0}}"
iIS312_Amastigote,Trypanosoma cruzi,"{""c"": {""pH"": 7.1, ""e_potential"": 0.0, ""T"": 298.15, ""I"": 0.25, ""pMg"": 14.0}, ""e"": {""pH"": 7.4, ""e_potential"": 0.0, ""T"": 298.15, ""I"": 0.25, ""pMg"": 14.0}, ""x"": {""pH"": 7.0, ""e_potential"": 0.0, ""T"": 298.15, ""I"": 0.25, ""pMg"": 14.0}, ""m"": {""pH"": 8.0, ""e_potential"": -0.155, ""T"": 298.15, ""I"": 0.25, ""pMg"": 14.0}, ""n"": {""pH"": 7.2, ""e_potential"": 0.0, ""T"": 298.15, ""I"": 0.25, ""pMg"": 14.0}, ""r"": {""pH"": 7.2, ""e_potential"": 0.0, ""T"": 298.15, ""I"": 0.25, ""pMg"": 14.0}}","{""cytosol"": {""pH"": 7.1, ""e_potential"": 0.0, ""T"": 298.15, ""I"": 0.25, ""pMg"": 14.0}, ""extracellular space"": {""pH"": 7.4, ""e_potential"": 0.0, ""T"": 298.15, ""I"": 0.25, ""pMg"": 14.0}, ""peroxisome/glyoxysome"": {""pH"": 7.0, ""e_potential"": 0.0, ""T"": 298.15, ""I"": 0.25, ""pMg"": 14.0}, ""mitochondria"": {""pH"": 8.0, ""e_potential"": -0.155, ""T"": 298.15, ""I"": 0.25, ""pMg"": 14.0}, ""nucleus"": {""pH"": 7.2, ""e_potential"": 0.0, ""T"": 298.15, ""I"": 0.25, ""pMg"": 14.0}, ""endoplasmic reticulum"": {""pH"": 7.2, ""e_potential"": 0.0, ""T"": 298.15, ""I"": 0.25, ""pMg"": 14.0}}"
iIS312_Epimastigote,Trypanosoma cruzi,"{""c"": {""pH"": 7.1, ""e_potential"": 0.0, ""T"": 298.15, ""I"": 0.25, ""pMg"": 14.0}, ""e"": {""pH"": 7.4, ""e_potential"": 0.0, ""T"": 298.15, ""I"": 0.25, ""pMg"": 14.0}, ""x"": {""pH"": 7.0, ""e_potential"": 0.0, ""T"": 298.15, ""I"": 0.25, ""pMg"": 14.0}, ""m"": {""pH"": 8.0, ""e_potential"": -0.155, ""T"": 298.15, ""I"": 0.25, ""pMg"": 14.0}, ""n"": {""pH"": 7.2, ""e_potential"": 0.0, ""T"": 298.15, ""I"": 0.25, ""pMg"": 14.0}, ""r"": {""pH"": 7.2, ""e_potential"": 0.0, ""T"": 298.15, ""I"": 0.25, ""pMg"": 14.0}}","{""cytosol"": {""pH"": 7.1, ""e_potential"": 0.0, ""T"": 298.15, ""I"": 0.25, ""pMg"": 14.0}, ""extracellular space"": {""pH"": 7.4, ""e_potential"": 0.0, ""T"": 298.15, ""I"": 0.25, ""pMg"": 14.0}, ""peroxisome/glyoxysome"": {""pH"": 7.0, ""e_potential"": 0.0, ""T"": 298.15, ""I"": 0.25, ""pMg"": 14.0}, ""mitochondria"": {""pH"": 8.0, ""e_potential"": -0.155, ""T"": 298.15, ""I"": 0.25, ""pMg"": 14.0}, ""nucleus"": {""pH"": 7.2, ""e_potential"": 0.0, ""T"": 298.15, ""I"": 0.25, ""pMg"": 14.0}, ""endoplasmic reticulum"": {""pH"": 7.2, ""e_potential"": 0.0, ""T"": 298.15, ""I"": 0.25, ""pMg"": 14.0}}"
iIS312_Trypomastigote,Trypanosoma cruzi,"{""c"": {""pH"": 7.1, ""e_potential"": 0.0, ""T"": 298.15, ""I"": 0.25, ""pMg"": 14.0}, ""e"": {""pH"": 7.4, ""e_potential"": 0.0, ""T"": 298.15, ""I"": 0.25, ""pMg"": 14.0}, ""x"": {""pH"": 7.0, ""e_potential"": 0.0, ""T"": 298.15, ""I"": 0.25, ""pMg"": 14.0}, ""m"": {""pH"": 8.0, ""e_potential"": -0.155, ""T"": 298.15, ""I"": 0.25, ""pMg"": 14.0}, ""n"": {""pH"": 7.2, ""e_potential"": 0.0, ""T"": 298.15, ""I"": 0.25, ""pMg"": 14.0}, ""r"": {""pH"": 7.2, ""e_potential"": 0.0, ""T"": 298.15, ""I"": 0.25, ""pMg"": 14.0}}","{""cytosol"": {""pH"": 7.1, ""e_potential"": 0.0, ""T"": 298.15, ""I"": 0.25, ""pMg"": 14.0}, ""extracellular space"": {""pH"": 7.4, ""e_potential"": 0.0, ""T"": 298.15, ""I"": 0.25, ""pMg"": 14.0}, ""peroxisome/glyoxysome"": {""pH"": 7.0, ""e_potential"": 0.0, ""T"": 298.15, ""I"": 0.25, ""pMg"": 14.0}, ""mitochondria"": {""pH"": 8.0, ""e_potential"": -0.155, ""T"": 298.15, ""I"": 0.25, ""pMg"": 14.0}, ""nucleus"": {""pH"": 7.2, ""e_potential"": 0.0, ""T"": 298.15, ""I"": 0.25, ""pMg"": 14.0}, ""endoplasmic reticulum"": {""pH"": 7.2, ""e_potential"": 0.0, ""T"": 298.15, ""I"": 0.25, ""pMg"": 14.0}}"
iIT341,Helicobacter pylori,"{""c"": {""T"": 298.15, ""pH"": 6.2, ""I"": 0.25, ""pMg"": 14.0, ""e_potential"": 0}, ""e"": {""T"": 298.15, ""pH"": 3.5, ""I"": 0.25, ""pMg"": 14.0, ""e_potential"": 0.0}}","{""cytosol"": {""T"": 298.15, ""pH"": 6.2, ""I"": 0.25, ""pMg"": 14.0, ""e_potential"": 0}, ""extracellular space"": {""T"": 298.15, ""pH"": 3.5, ""I"": 0.25, ""pMg"": 14.0, ""e_potential"": 0.0}}"
iJB785,Synechococcus elongatus,"{""c"": {""pH"": 7.2, ""e_potential"": 0.0, ""T"": 298.15, ""I"": 0.25, ""pMg"": 14.0}, ""e"": {""pH"": 7.0, ""e_potential"": 0.0, ""T"": 298.15, ""I"": 0.25, ""pMg"": 14.0}, ""p"": {""pH"": 7.0, ""e_potential"": 0.0, ""T"": 298.15, ""I"": 0.25, ""pMg"": 14.0}, ""cm"": {""pH"": 7.2, ""e_potential"": 0.0, ""T"": 298.15, ""I"": 0.25, ""pMg"": 14.0}, ""cx"": {""pH"": 7.0, ""e_potential"": 0.0, ""T"": 298.15, ""I"": 0.25, ""pMg"": 14.0}, ""u"": {""pH"": 5.8, ""e_potential"": 0.0, ""T"": 298.15, ""I"": 0.25, ""pMg"": 14.0}, ""um"": {""pH"": 7.0, ""e_potential"": 0.0, ""T"": 298.15, ""I"": 0.25, ""pMg"": 14.0}}","{""cytosol"": {""pH"": 7.2, ""e_potential"": 0.0, ""T"": 298.15, ""I"": 0.25, ""pMg"": 14.0}, ""extracellular space"": {""pH"": 7.0, ""e_potential"": 0.0, ""T"": 298.15, ""I"": 0.25, ""pMg"": 14.0}, ""periplasm"": {""pH"": 7.0, ""e_potential"": 0.0, ""T"": 298.15, ""I"": 0.25, ""pMg"": 14.0}, ""cytosolic membrane"": {""pH"": 7.2, ""e_potential"": 0.0, ""T"": 298.15, ""I"": 0.25, ""pMg"": 14.0}, ""carboxyzome"": {""pH"": 7.0, ""e_potential"": 0.0, ""T"": 298.15, ""I"": 0.25, ""pMg"": 14.0}, ""thylakoid"": {""pH"": 5.8, ""e_potential"": 0.0, ""T"": 298.15, ""I"": 0.25, ""pMg"": 14.0}, ""thylakoid membrane"": {""pH"": 7.0, ""e_potential"": 0.0, ""T"": 298.15, ""I"": 0.25, ""pMg"": 14.0}}"
iJN1463,Pseudomonas putida,"{""c"": {""T"": 298.15, ""pH"": 7.7, ""I"": 0.25, ""pMg"": 14.0, ""e_potential"": -0.125}, ""e"": {""T"": 298.15, ""pH"": 7.0, ""I"": 0.25, ""pMg"": 14.0, ""e_potential"": 0.0}, ""p"": {""T"": 298.15, ""pH"": 7.0, ""I"": 0.25, ""pMg"": 14.0, ""e_potential"": 0.0}}","{""cytosol"": {""T"": 298.15, ""pH"": 7.7, ""I"": 0.25, ""pMg"": 14.0, ""e_potential"": -0.125}, ""extracellular space"": {""T"": 298.15, ""pH"": 7.0, ""I"": 0.25, ""pMg"": 14.0, ""e_potential"": 0.0}, ""periplasm"": {""T"": 298.15, ""pH"": 7.0, ""I"": 0.25, ""pMg"": 14.0, ""e_potential"": 0.0}}"
iJN678,Synechocystis sp.,"{""c"": {""pH"": 7.2, ""e_potential"": 0.0, ""T"": 298.15, ""I"": 0.25, ""pMg"": 14.0}, ""e"": {""pH"": 7.0, ""e_potential"": 0.0, ""T"": 298.15, ""I"": 0.25, ""pMg"": 14.0}, ""p"": {""pH"": 7.0, ""e_potential"": 0.015, ""T"": 298.15, ""I"": 0.25, ""pMg"": 14.0}, ""u"": {""pH"": 5.8, ""e_potential"": 0.0, ""T"": 298.15, ""I"": 0.25, ""pMg"": 14.0}, ""cm"": {""pH"": 7.0, ""e_potential"": 0.0, ""T"": 298.15, ""I"": 0.25, ""pMg"": 14.0}, ""cx"": {""pH"": 7.2, ""e_potential"": 0.0, ""T"": 298.15, ""I"": 0.25, ""pMg"": 14.0}, ""x"": {""pH"": 7.0, ""e_potential"": 0.0, ""T"": 298.15, ""I"": 0.25, ""pMg"": 14.0}, ""l"": {""pH"": 5.0, ""e_potential"": 0.0, ""T"": 298.15, ""I"": 0.25, ""pMg"": 14.0}, ""y"": {""pH"": 7.5, ""e_potential"": 0.0, ""T"": 298.15, ""I"": 0.25, ""pMg"": 14.0}}","{""cytosol"": {""pH"": 7.2, ""e_potential"": 0.0, ""T"": 298.15, ""I"": 0.25, ""pMg"": 14.0}, ""extracellular space"": {""pH"": 7.0, ""e_potential"": 0.0, ""T"": 298.15, ""I"": 0.25, ""pMg"": 14.0}, ""periplasm"": {""pH"": 7.0, ""e_potential"": 0.015, ""T"": 298.15, ""I"": 0.25, ""pMg"": 14.0}, ""thylakoid"": {""pH"": 5.8, ""e_potential"": 0.0, ""T"": 298.15, ""I"": 0.25, ""pMg"": 14.0}}"
iJN746,Pseudomonas putida,"{""c"": {""T"": 298.15, ""pH"": 7.7, ""I"": 0.25, ""pMg"": 14.0, ""e_potential"": -0.125}, ""e"": {""T"": 298.15, ""pH"": 7.0, ""I"": 0.25, ""pMg"": 14.0, ""e_potential"": 0.0}, ""p"": {""T"": 298.15, ""pH"": 7.0, ""I"": 0.25, ""pMg"": 14.0, ""e_potential"": 0.0}}","{""cytosol"": {""T"": 298.15, ""pH"": 7.7, ""I"": 0.25, ""pMg"": 14.0, ""e_potential"": -0.125}, ""extracellular space"": {""T"": 298.15, ""pH"": 7.0, ""I"": 0.25, ""pMg"": 14.0, ""e_potential"": 0.0}, ""periplasm"": {""T"": 298.15, ""pH"": 7.0, ""I"": 0.25, ""pMg"": 14.0, ""e_potential"": 0.0}}"
iJO1366,Escherichia coli,"{""c"": {""T"": 298.15, ""pH"": 7.5, ""I"": 0.25, ""pMg"": 14.0, ""e_potential"": -0.125}, ""e"": {""T"": 298.15, ""pH"": 7.0, ""I"": 0.25, ""pMg"": 14.0, ""e_potential"": 0.0}, ""p"": {""T"": 298.15, ""pH"": 7.0, ""I"": 0.25, ""pMg"": 14.0, ""e_potential"": 0.0}}","{""cytosol"": {""T"": 298.15, ""pH"": 7.5, ""I"": 0.25, ""pMg"": 14.0, ""e_potential"": -0.125}, ""extracellular space"": {""T"": 298.15, ""pH"": 7.0, ""I"": 0.25, ""pMg"": 14.0, ""e_potential"": 0.0}, ""periplasm"": {""T"": 298.15, ""pH"": 7.0, ""I"": 0.25, ""pMg"": 14.0, ""e_potential"": 0.0}}"
iJR904,Escherichia coli,"{""c"": {""T"": 298.15, ""pH"": 7.5, ""I"": 0.25, ""pMg"": 14.0, ""e_potential"": -0.125}, ""e"": {""T"": 298.15, ""pH"": 7.0, ""I"": 0.25, ""pMg"": 14.0, ""e_potential"": 0.0}, ""p"": {""T"": 298.15, ""pH"": 7.0, ""I"": 0.25, ""pMg"": 14.0, ""e_potential"": 0.0}}","{""cytosol"": {""T"": 298.15, ""pH"": 7.5, ""I"": 0.25, ""pMg"": 14.0, ""e_potential"": -0.125}, ""extracellular space"": {""T"": 298.15, ""pH"": 7.0, ""I"": 0.25, ""pMg"": 14.0, ""e_potential"": 0.0}}"
iLB1027_lipid,Phaeodactylum tricornutum,"{""c"": {""pH"": 7.6, ""e_potential"": 0.0, ""T"": 298.15, ""I"": 0.25, ""pMg"": 14.0}, ""h"": {""pH"": 7.8, ""e_potential"": 0.0, ""T"": 298.15, ""I"": 0.25, ""pMg"": 14.0}, ""u"": {""pH"": 5.8, ""e_potential"": 0.0, ""T"": 298.15, ""I"": 0.25, ""pMg"": 14.0}, ""m"": {""pH"": 8.0, ""e_potential"": -0.155, ""T"": 298.15, ""I"": 0.25, ""pMg"": 14.0}, ""x"": {""pH"": 7.0, ""e_potential"": 0.0, ""T"": 298.15, ""I"": 0.25, ""pMg"": 14.0}, ""e"": {""pH"": 7.5, ""e_potential"": 0.0, ""T"": 298.15, ""I"": 0.25, ""pMg"": 14.0}}","{""cytosol"": {""pH"": 7.6, ""e_potential"": 0.0, ""T"": 298.15, ""I"": 0.25, ""pMg"": 14.0}, ""chloroplast"": {""pH"": 7.8, ""e_potential"": 0.0, ""T"": 298.15, ""I"": 0.25, ""pMg"": 14.0}, ""thylakoid"": {""pH"": 5.8, ""e_potential"": 0.0, ""T"": 298.15, ""I"": 0.25, ""pMg"": 14.0}, ""mitochondria"": {""pH"": 8.0, ""e_potential"": -0.155, ""T"": 298.15, ""I"": 0.25, ""pMg"": 14.0}, ""peroxisome/glyoxysome"": {""pH"": 7.0, ""e_potential"": 0.0, ""T"": 298.15, ""I"": 0.25, ""pMg"": 14.0}, ""extracellular space"": {""pH"": 7.5, ""e_potential"": 0.0, ""T"": 298.15, ""I"": 0.25, ""pMg"": 14.0}}"
iLF82_1304,Escherichia coli,"{""c"": {""T"": 298.15, ""pH"": 7.5, ""I"": 0.25, ""pMg"": 14.0, ""e_potential"": -0.125}, ""e"": {""T"": 298.15, ""pH"": 7.0, ""I"": 0.25, ""pMg"": 14.0, ""e_potential"": 0.0}, ""p"": {""T"": 298.15, ""pH"": 7.0, ""I"": 0.25, ""pMg"": 14.0, ""e_potential"": 0.0}}","{""cytosol"": {""T"": 298.15, ""pH"": 7.5, ""I"": 0.25, ""pMg"": 14.0, ""e_potential"": -0.125}, ""extracellular space"": {""T"": 298.15, ""pH"": 7.0, ""I"": 0.25, ""pMg"": 14.0, ""e_potential"": 0.0}, ""periplasm"": {""T"": 298.15, ""pH"": 7.0, ""I"": 0.25, ""pMg"": 14.0, ""e_potential"": 0.0}}"
iLJ478,Thermotoga maritima,"{""c"": {""T"": 298.15, ""pH"": 7.5, ""I"": 0.25, ""pMg"": 14.0, ""e_potential"": -0.125}, ""e"": {""T"": 298.15, ""pH"": 7.0, ""I"": 0.25, ""pMg"": 14.0, ""e_potential"": 0.0}}","{""cytosol"": {""T"": 298.15, ""pH"": 7.5, ""I"": 0.25, ""pMg"": 14.0, ""e_potential"": -0.125}, ""extracellular space"": {""T"": 298.15, ""pH"": 7.0, ""I"": 0.25, ""pMg"": 14.0, ""e_potential"": 0.0}}"
iML1515,Escherichia coli,"{""c"": {""T"": 298.15, ""pH"": 7.5, ""I"": 0.25, ""pMg"": 14.0, ""e_potential"": -0.125}, ""e"": {""T"": 298.15, ""pH"": 7.0, ""I"": 0.25, ""pMg"": 14.0, ""e_potential"": 0.0}, ""p"": {""T"": 298.15, ""pH"": 7.0, ""I"": 0.25, ""pMg"": 14.0, ""e_potential"": 0.0}}","{""cytosol"": {""T"": 298.15, ""pH"": 7.5, ""I"": 0.25, ""pMg"": 14.0, ""e_potential"": -0.125}, ""extracellular space"": {""T"": 298.15, ""pH"": 7.0, ""I"": 0.25, ""pMg"": 14.0, ""e_potential"": 0.0}, ""periplasm"": {""T"": 298.15, ""pH"": 7.0, ""I"": 0.25, ""pMg"": 14.0, ""e_potential"": 0.0}}"
iMM1415,Mus musculus,"{""c"": {""pH"": 7.2, ""e_potential"": 0, ""T"": 298.15, ""I"": 0.25, ""pMg"": 14.0}, ""e"": {""pH"": 7.4, ""e_potential"": 0.03, ""T"": 298.15, ""I"": 0.25, ""pMg"": 14.0}, ""n"": {""pH"": 7.2, ""e_potential"": 0, ""T"": 298.15, ""I"": 0.25, ""pMg"": 14.0}, ""r"": {""pH"": 7.2, ""e_potential"": 0, ""T"": 298.15, ""I"": 0.25, ""pMg"": 14.0}, ""g"": {""pH"": 6.35, ""e_potential"": 0, ""T"": 298.15, ""I"": 0.25, ""pMg"": 14.0}, ""l"": {""pH"": 5.5, ""e_potential"": 0.019, ""T"": 298.15, ""I"": 0.25, ""pMg"": 14.0}, ""m"": {""pH"": 8.0, ""e_potential"": -0.155, ""T"": 298.15, ""I"": 0.25, ""pMg"": 14.0}, ""im"": {""pH"": 7.0, ""e_potential"": 0, ""T"": 298.15, ""I"": 0.25, ""pMg"": 14.0}, ""x"": {""pH"": 7.0, ""e_potential"": 0.012, ""T"": 298.15, ""I"": 0.25, ""pMg"": 14.0}, ""mm"": {""pH"": 7.0, ""e_potential"": 0, ""T"": 298.15, ""I"": 0.25, ""pMg"": 14.0}}","{""cytosol"": {""pH"": 7.2, ""e_potential"": 0, ""T"": 298.15, ""I"": 0.25, ""pMg"": 14.0}, ""extracellular space"": {""pH"": 7.4, ""e_potential"": 0.03, ""T"": 298.15, ""I"": 0.25, ""pMg"": 14.0}, ""nucleus"": {""pH"": 7.2, ""e_potential"": 0, ""T"": 298.15, ""I"": 0.25, ""pMg"": 14.0}, ""endoplasmic reticulum"": {""pH"": 7.2, ""e_potential"": 0, ""T"": 298.15, ""I"": 0.25, ""pMg"": 14.0}, ""golgi apparatus"": {""pH"": 6.35, ""e_potential"": 0, ""T"": 298.15, ""I"": 0.25, ""pMg"": 14.0}, ""lysosome"": {""pH"": 5.5, ""e_potential"": 0.019, ""T"": 298.15, ""I"": 0.25, ""pMg"": 14.0}, ""mitochondria"": {""pH"": 8.0, ""e_potential"": -0.155, ""T"": 298.15, ""I"": 0.25, ""pMg"": 14.0}, ""peroxisome/glyoxysome"": {""pH"": 7.0, ""e_potential"": 0.012, ""T"": 298.15, ""I"": 0.25, ""pMg"": 14.0}}"
iMM904,Saccharomyces cerevisiae,"{""c"": {""pH"": 7.2, ""e_potential"": 0.0, ""T"": 298.15, ""I"": 0.25, ""pMg"": 14.0}, ""e"": {""pH"": 7.0, ""e_potential"": 0.0, ""T"": 298.15, ""I"": 0.25, ""pMg"": 14.0}, ""g"": {""pH"": 6.35, ""e_potential"": 0.0, ""T"": 298.15, ""I"": 0.25, ""pMg"": 14.0}, ""m"": {""pH"": 7.5, ""e_potential"": -0.155, ""T"": 298.15, ""I"": 0.25, ""pMg"": 14.0}, ""x"": {""pH"": 7.0, ""e_potential"": 0.0, ""T"": 298.15, ""I"": 0.25, ""pMg"": 14.0}, ""r"": {""pH"": 7.2, ""e_potential"": 0.0, ""T"": 298.15, ""I"": 0.25, ""pMg"": 14.0}, ""v"": {""pH"": 6.2, ""e_potential"": 0.0, ""T"": 298.15, ""I"": 0.25, ""pMg"": 14.0}, ""n"": {""pH"": 7.2, ""e_potential"": 0.0, ""T"": 298.15, ""I"": 0.25, ""pMg"": 14.0}}","{""cytosol"": {""pH"": 7.2, ""e_potential"": 0.0, ""T"": 298.15, ""I"": 0.25, ""pMg"": 14.0}, ""extracellular space"": {""pH"": 7.0, ""e_potential"": 0.0, ""T"": 298.15, ""I"": 0.25, ""pMg"": 14.0}, ""golgi apparatus"": {""pH"": 6.35, ""e_potential"": 0.0, ""T"": 298.15, ""I"": 0.25, ""pMg"": 14.0}, ""mitochondria"": {""pH"": 7.5, ""e_potential"": -0.155, ""T"": 298.15, ""I"": 0.25, ""pMg"": 14.0}, ""peroxisome/glyoxysome"": {""pH"": 7.0, ""e_potential"": 0.0, ""T"": 298.15, ""I"": 0.25, ""pMg"": 14.0}, ""endoplasmic reticulum"": {""pH"": 7.2, ""e_potential"": 0.0, ""T"": 298.15, ""I"": 0.25, ""pMg"": 14.0}, ""vacuole"": {""pH"": 6.2, ""e_potential"": 0.0, ""T"": 298.15, ""I"": 0.25, ""pMg"": 14.0}, ""nucleus"": {""pH"": 7.2, ""e_potential"": 0.0, ""T"": 298.15, ""I"": 0.25, ""pMg"": 14.0}}"
iND750,Saccharomyces cerevisiae,"{""c"": {""pH"": 7.2, ""e_potential"": 0.0, ""T"": 298.15, ""I"": 0.25, ""pMg"": 14.0}, ""e"": {""pH"": 7.0, ""e_potential"": 0.0, ""T"": 298.15, ""I"": 0.25, ""pMg"": 14.0}, ""g"": {""pH"": 6.35, ""e_potential"": 0.0, ""T"": 298.15, ""I"": 0.25, ""pMg"": 14.0}, ""m"": {""pH"": 7.5, ""e_potential"": -0.155, ""T"": 298.15, ""I"": 0.25, ""pMg"": 14.0}, ""x"": {""pH"": 7.0, ""e_potential"": 0.0, ""T"": 298.15, ""I"": 0.25, ""pMg"": 14.0}, ""r"": {""pH"": 7.2, ""e_potential"": 0.0, ""T"": 298.15, ""I"": 0.25, ""pMg"": 14.0}, ""v"": {""pH"": 6.2, ""e_potential"": 0.0, ""T"": 298.15, ""I"": 0.25, ""pMg"": 14.0}, ""n"": {""pH"": 7.2, ""e_potential"": 0.0, ""T"": 298.15, ""I"": 0.25, ""pMg"": 14.0}}","{""cytosol"": {""pH"": 7.2, ""e_potential"": 0.0, ""T"": 298.15, ""I"": 0.25, ""pMg"": 14.0}, ""extracellular space"": {""pH"": 7.0, ""e_potential"": 0.0, ""T"": 298.15, ""I"": 0.25, ""pMg"": 14.0}, ""golgi apparatus"": {""pH"": 6.35, ""e_potential"": 0.0, ""T"": 298.15, ""I"": 0.25, ""pMg"": 14.0}, ""mitochondria"": {""pH"": 7.5, ""e_potential"": -0.155, ""T"": 298.15, ""I"": 0.25, ""pMg"": 14.0}, ""peroxisome/glyoxysome"": {""pH"": 7.0, ""e_potential"": 0.0, ""T"": 298.15, ""I"": 0.25, ""pMg"": 14.0}, ""endoplasmic reticulum"": {""pH"": 7.2, ""e_potential"": 0.0, ""T"": 298.15, ""I"": 0.25, ""pMg"": 14.0}, ""vacuole"": {""pH"": 6.2, ""e_potential"": 0.0, ""T"": 298.15, ""I"": 0.25, ""pMg"": 14.0}, ""nucleus"": {""pH"": 7.2, ""e_potential"": 0.0, ""T"": 298.15, ""I"": 0.25, ""pMg"": 14.0}}"
iNF517,Lactococcus lactis,"{""c"": {""pH"": 7.4, ""e_potential"": 0.0, ""T"": 298.15, ""I"": 0.25, ""pMg"": 14.0}, ""e"": {""pH"": 6.8, ""e_potential"": 0.0, ""T"": 298.15, ""I"": 0.25, ""pMg"": 14.0}}","{""cytosol"": {""pH"": 7.4, ""e_potential"": 0.0, ""T"": 298.15, ""I"": 0.25, ""pMg"": 14.0}, ""extracellular space"": {""pH"": 6.8, ""e_potential"": 0.0, ""T"": 298.15, ""I"": 0.25, ""pMg"": 14.0}}"
iNJ661,Mycobacterium tuberculosis,"{""e"": {""pH"": 7.7, ""e_potential"": 0.0, ""T"": 298.15, ""I"": 0.25, ""pMg"": 14.0}, ""c"": {""pH"": 7.0, ""e_potential"": 0.0, ""T"": 298.15, ""I"": 0.25, ""pMg"": 14.0}}","{""extracellular space"": {""pH"": 7.7, ""e_potential"": 0.0, ""T"": 298.15, ""I"": 0.25, ""pMg"": 14.0}, ""cytosol"": {""pH"": 7.0, ""e_potential"": 0.0, ""T"": 298.15, ""I"": 0.25, ""pMg"": 14.0}}"
iNRG857_1313,Escherichia coli,"{""c"": {""T"": 298.15, ""pH"": 7.5, ""I"": 0.25, ""pMg"": 14.0, ""e_potential"": -0.125}, ""e"": {""T"": 298.15, ""pH"": 7.0, ""I"": 0.25, ""pMg"": 14.0, ""e_potential"": 0.0}, ""p"": {""T"": 298.15, ""pH"": 7.0, ""I"": 0.25, ""pMg"": 14.0, ""e_potential"": 0.0}}","{""cytosol"": {""T"": 298.15, ""pH"": 7.5, ""I"": 0.25, ""pMg"": 14.0, ""e_potential"": -0.125}, ""extracellular space"": {""T"": 298.15, ""pH"": 7.0, ""I"": 0.25, ""pMg"": 14.0, ""e_potential"": 0.0}, ""periplasm"": {""T"": 298.15, ""pH"": 7.0, ""I"": 0.25, ""pMg"": 14.0, ""e_potential"": 0.0}}"
iPC815,Yersinia pestis,"{""c"": {""T"": 298.15, ""pH"": 7.5, ""I"": 0.25, ""pMg"": 14.0, ""e_potential"": -0.125}, ""e"": {""T"": 298.15, ""pH"": 7.0, ""I"": 0.25, ""pMg"": 14.0, ""e_potential"": 0.0}, ""p"": {""T"": 298.15, ""pH"": 7.0, ""I"": 0.25, ""pMg"": 14.0, ""e_potential"": 0.0}}","{""cytosol"": {""T"": 298.15, ""pH"": 7.5, ""I"": 0.25, ""pMg"": 14.0, ""e_potential"": -0.125}, ""extracellular space"": {""T"": 298.15, ""pH"": 7.0, ""I"": 0.25, ""pMg"": 14.0, ""e_potential"": 0.0}, ""periplasm"": {""T"": 298.15, ""pH"": 7.0, ""I"": 0.25, ""pMg"": 14.0, ""e_potential"": 0.0}}"
iRC1080,Chlamydomonas reinhardtii,"{""c"": {""pH"": 7.1, ""e_potential"": 0.0, ""T"": 298.15, ""I"": 0.25, ""pMg"": 14.0}, ""m"": {""pH"": 8.0, ""e_potential"": -0.155, ""T"": 298.15, ""I"": 0.25, ""pMg"": 14.0}, ""h"": {""pH"": 7.8, ""e_potential"": 0.0, ""T"": 298.15, ""I"": 0.25, ""pMg"": 14.0}, ""u"": {""pH"": 5.8, ""e_potential"": 0.0, ""T"": 298.15, ""I"": 0.25, ""pMg"": 14.0}, ""x"": {""pH"": 7.0, ""e_potential"": 0.0, ""T"": 298.15, ""I"": 0.25, ""pMg"": 14.0}, ""n"": {""pH"": 7.2, ""e_potential"": 0.0, ""T"": 298.15, ""I"": 0.25, ""pMg"": 14.0}, ""g"": {""pH"": 6.35, ""e_potential"": 0.0, ""T"": 298.15, ""I"": 0.25, ""pMg"": 14.0}, ""e"": {""pH"": 7.0, ""e_potential"": 0.0, ""T"": 298.15, ""I"": 0.25, ""pMg"": 14.0}, ""f"": {""pH"": 7.0, ""e_potential"": 0.0, ""T"": 298.15, ""I"": 0.25, ""pMg"": 14.0}, ""s"": {""pH"": 7.0, ""e_potential"": 0.0, ""T"": 298.15, ""I"": 0.25, ""pMg"": 14.0}}","{""cytosol"": {""pH"": 7.1, ""e_potential"": 0.0, ""T"": 298.15, ""I"": 0.25, ""pMg"": 14.0}, ""mitochondria"": {""pH"": 8.0, ""e_potential"": -0.155, ""T"": 298.15, ""I"": 0.25, ""pMg"": 14.0}, ""chloroplast"": {""pH"": 7.8, ""e_potential"": 0.0, ""T"": 298.15, ""I"": 0.25, ""pMg"": 14.0}, ""thylakoid"": {""pH"": 5.8, ""e_potential"": 0.0, ""T"": 298.15, ""I"": 0.25, ""pMg"": 14.0}, ""peroxisome/glyoxysome"": {""pH"": 7.0, ""e_potential"": 0.0, ""T"": 298.15, ""I"": 0.25, ""pMg"": 14.0}, ""nucleus"": {""pH"": 7.2, ""e_potential"": 0.0, ""T"": 298.15, ""I"": 0.25, ""pMg"": 14.0}, ""golgi apparatus"": {""pH"": 6.35, ""e_potential"": 0.0, ""T"": 298.15, ""I"": 0.25, ""pMg"": 14.0}, ""extracellular space"": {""pH"": 7.0, ""e_potential"": 0.0, ""T"": 298.15, ""I"": 0.25, ""pMg"": 14.0}, ""flagellum"": {""pH"": 7.0, ""e_potential"": 0.0, ""T"": 298.15, ""I"": 0.25, ""pMg"": 14.0}, ""eyespot"": {""pH"": 7.0, ""e_potential"": 0.0, ""T"": 298.15, ""I"": 0.25, ""pMg"": 14.0}}"
iS_1188,Shigella flexneri,"{""c"": {""T"": 298.15, ""pH"": 7.5, ""I"": 0.25, ""pMg"": 14.0, ""e_potential"": -0.125}, ""e"": {""T"": 298.15, ""pH"": 7.0, ""I"": 0.25, ""pMg"": 14.0, ""e_potential"": 0.0}, ""p"": {""T"": 298.15, ""pH"": 7.0, ""I"": 0.25, ""pMg"": 14.0, ""e_potential"": 0.0}}","{""cytosol"": {""T"": 298.15, ""pH"": 7.5, ""I"": 0.25, ""pMg"": 14.0, ""e_potential"": -0.125}, ""extracellular space"": {""T"": 298.15, ""pH"": 7.0, ""I"": 0.25, ""pMg"": 14.0, ""e_potential"": 0.0}, ""periplasm"": {""T"": 298.15, ""pH"": 7.0, ""I"": 0.25, ""pMg"": 14.0, ""e_potential"": 0.0}}"
iSB619,Staphylococcus aureus,"{""c"": {""T"": 298.15, ""pH"": 7.5, ""I"": 0.25, ""pMg"": 14.0, ""e_potential"": -0.125}, ""e"": {""T"": 298.15, ""pH"": 7.0, ""I"": 0.25, ""pMg"": 14.0, ""e_potential"": 0.0}, ""w"": {""T"": 298.15, ""pH"": 7.0, ""I"": 0.25, ""pMg"": 14.0, ""e_potential"": 0.0}}","{""cytosol"": {""T"": 298.15, ""pH"": 7.5, ""I"": 0.25, ""pMg"": 14.0, ""e_potential"": -0.125}, ""extracellular space"": {""T"": 298.15, ""pH"": 7.0, ""I"": 0.25, ""pMg"": 14.0, ""e_potential"": 0.0}}"
iSbBS512_1146,Shigella boydii,"{""c"": {""T"": 298.15, ""pH"": 7.5, ""I"": 0.25, ""pMg"": 14.0, ""e_potential"": -0.125}, ""e"": {""T"": 298.15, ""pH"": 7.0, ""I"": 0.25, ""pMg"": 14.0, ""e_potential"": 0.0}, ""p"": {""T"": 298.15, ""pH"": 7.0, ""I"": 0.25, ""pMg"": 14.0, ""e_potential"": 0.0}}","{""cytosol"": {""T"": 298.15, ""pH"": 7.5, ""I"": 0.25, ""pMg"": 14.0, ""e_potential"": -0.125}, ""extracellular space"": {""T"": 298.15, ""pH"": 7.0, ""I"": 0.25, ""pMg"": 14.0, ""e_potential"": 0.0}, ""periplasm"": {""T"": 298.15, ""pH"": 7.0, ""I"": 0.25, ""pMg"": 14.0, ""e_potential"": 0.0}}"
iSBO_1134,Shigella boydii,"{""c"": {""T"": 298.15, ""pH"": 7.5, ""I"": 0.25, ""pMg"": 14.0, ""e_potential"": -0.125}, ""e"": {""T"": 298.15, ""pH"": 7.0, ""I"": 0.25, ""pMg"": 14.0, ""e_potential"": 0.0}, ""p"": {""T"": 298.15, ""pH"": 7.0, ""I"": 0.25, ""pMg"": 14.0, ""e_potential"": 0.0}}","{""cytosol"": {""T"": 298.15, ""pH"": 7.5, ""I"": 0.25, ""pMg"": 14.0, ""e_potential"": -0.125}, ""extracellular space"": {""T"": 298.15, ""pH"": 7.0, ""I"": 0.25, ""pMg"": 14.0, ""e_potential"": 0.0}, ""periplasm"": {""T"": 298.15, ""pH"": 7.0, ""I"": 0.25, ""pMg"": 14.0, ""e_potential"": 0.0}}"
iSDY_1059,Shigella dysenteriae,"{""c"": {""T"": 298.15, ""pH"": 7.5, ""I"": 0.25, ""pMg"": 14.0, ""e_potential"": -0.125}, ""e"": {""T"": 298.15, ""pH"": 7.0, ""I"": 0.25, ""pMg"": 14.0, ""e_potential"": 0.0}, ""p"": {""T"": 298.15, ""pH"": 7.0, ""I"": 0.25, ""pMg"": 14.0, ""e_potential"": 0.0}}","{""cytosol"": {""T"": 298.15, ""pH"": 7.5, ""I"": 0.25, ""pMg"": 14.0, ""e_potential"": -0.125}, ""extracellular space"": {""T"": 298.15, ""pH"": 7.0, ""I"": 0.25, ""pMg"": 14.0, ""e_potential"": 0.0}, ""periplasm"": {""T"": 298.15, ""pH"": 7.0, ""I"": 0.25, ""pMg"": 14.0, ""e_potential"": 0.0}}"
iSF_1195,Shigella flexneri,"{""c"": {""T"": 298.15, ""pH"": 7.5, ""I"": 0.25, ""pMg"": 14.0, ""e_potential"": -0.125}, ""e"": {""T"": 298.15, ""pH"": 7.0, ""I"": 0.25, ""pMg"": 14.0, ""e_potential"": 0.0}, ""p"": {""T"": 298.15, ""pH"": 7.0, ""I"": 0.25, ""pMg"": 14.0, ""e_potential"": 0.0}}","{""cytosol"": {""T"": 298.15, ""pH"": 7.5, ""I"": 0.25, ""pMg"": 14.0, ""e_potential"": -0.125}, ""extracellular space"": {""T"": 298.15, ""pH"": 7.0, ""I"": 0.25, ""pMg"": 14.0, ""e_potential"": 0.0}, ""periplasm"": {""T"": 298.15, ""pH"": 7.0, ""I"": 0.25, ""pMg"": 14.0, ""e_potential"": 0.0}}"
iSFV_1184,Shigella flexneri,"{""c"": {""T"": 298.15, ""pH"": 7.5, ""I"": 0.25, ""pMg"": 14.0, ""e_potential"": -0.125}, ""e"": {""T"": 298.15, ""pH"": 7.0, ""I"": 0.25, ""pMg"": 14.0, ""e_potential"": 0.0}, ""p"": {""T"": 298.15, ""pH"": 7.0, ""I"": 0.25, ""pMg"": 14.0, ""e_potential"": 0.0}}","{""cytosol"": {""T"": 298.15, ""pH"": 7.5, ""I"": 0.25, ""pMg"": 14.0, ""e_potential"": -0.125}, ""extracellular space"": {""T"": 298.15, ""pH"": 7.0, ""I"": 0.25, ""pMg"": 14.0, ""e_potential"": 0.0}, ""periplasm"": {""T"": 298.15, ""pH"": 7.0, ""I"": 0.25, ""pMg"": 14.0, ""e_potential"": 0.0}}"
iSFxv_1172,Shigella flexneri,"{""c"": {""T"": 298.15, ""pH"": 7.5, ""I"": 0.25, ""pMg"": 14.0, ""e_potential"": -0.125}, ""e"": {""T"": 298.15, ""pH"": 7.0, ""I"": 0.25, ""pMg"": 14.0, ""e_potential"": 0.0}, ""p"": {""T"": 298.15, ""pH"": 7.0, ""I"": 0.25, ""pMg"": 14.0, ""e_potential"": 0.0}}","{""cytosol"": {""T"": 298.15, ""pH"": 7.5, ""I"": 0.25, ""pMg"": 14.0, ""e_potential"": -0.125}, ""extracellular space"": {""T"": 298.15, ""pH"": 7.0, ""I"": 0.25, ""pMg"": 14.0, ""e_potential"": 0.0}, ""periplasm"": {""T"": 298.15, ""pH"": 7.0, ""I"": 0.25, ""pMg"": 14.0, ""e_potential"": 0.0}}"
iSSON_1240,Shigella sonnei,"{""c"": {""T"": 298.15, ""pH"": 7.5, ""I"": 0.25, ""pMg"": 14.0, ""e_potential"": -0.125}, ""e"": {""T"": 298.15, ""pH"": 7.0, ""I"": 0.25, ""pMg"": 14.0, ""e_potential"": 0.0}, ""p"": {""T"": 298.15, ""pH"": 7.0, ""I"": 0.25, ""pMg"": 14.0, ""e_potential"": 0.0}}","{""cytosol"": {""T"": 298.15, ""pH"": 7.5, ""I"": 0.25, ""pMg"": 14.0, ""e_potential"": -0.125}, ""extracellular space"": {""T"": 298.15, ""pH"": 7.0, ""I"": 0.25, ""pMg"": 14.0, ""e_potential"": 0.0}, ""periplasm"": {""T"": 298.15, ""pH"": 7.0, ""I"": 0.25, ""pMg"": 14.0, ""e_potential"": 0.0}}"
iSynCJ816,Synechocystis sp.,"{""c"": {""pH"": 7.2, ""e_potential"": 0.0, ""T"": 298.15, ""I"": 0.25, ""pMg"": 14.0}, ""e"": {""pH"": 7.0, ""e_potential"": 0.0, ""T"": 298.15, ""I"": 0.25, ""pMg"": 14.0}, ""p"": {""pH"": 7.0, ""e_potential"": 0.015, ""T"": 298.15, ""I"": 0.25, ""pMg"": 14.0}, ""u"": {""pH"": 5.8, ""e_potential"": 0.0, ""T"": 298.15, ""I"": 0.25, ""pMg"": 14.0}, ""cm"": {""pH"": 7.0, ""e_potential"": 0.0, ""T"": 298.15, ""I"": 0.25, ""pMg"": 14.0}, ""cx"": {""pH"": 7.2, ""e_potential"": 0.0, ""T"": 298.15, ""I"": 0.25, ""pMg"": 14.0}, ""x"": {""pH"": 7.0, ""e_potential"": 0.0, ""T"": 298.15, ""I"": 0.25, ""pMg"": 14.0}, ""l"": {""pH"": 5.0, ""e_potential"": 0.0, ""T"": 298.15, ""I"": 0.25, ""pMg"": 14.0}, ""y"": {""pH"": 7.5, ""e_potential"": 0.0, ""T"": 298.15, ""I"": 0.25, ""pMg"": 14.0}}","{""cytosol"": {""pH"": 7.2, ""e_potential"": 0.0, ""T"": 298.15, ""I"": 0.25, ""pMg"": 14.0}, ""extracellular space"": {""pH"": 7.0, ""e_potential"": 0.0, ""T"": 298.15, ""I"": 0.25, ""pMg"": 14.0}, ""periplasm"": {""pH"": 7.0, ""e_potential"": 0.015, ""T"": 298.15, ""I"": 0.25, ""pMg"": 14.0}, ""thylakoid"": {""pH"": 5.8, ""e_potential"": 0.0, ""T"": 298.15, ""I"": 0.25, ""pMg"": 14.0}, ""peroxisome/glyoxysome"": {""pH"": 7.0, ""e_potential"": 0.0, ""T"": 298.15, ""I"": 0.25, ""pMg"": 14.0}, ""lysosome"": {""pH"": 5.0, ""e_potential"": 0.0, ""T"": 298.15, ""I"": 0.25, ""pMg"": 14.0}, ""cytochrome complex"": {""pH"": 7.5, ""e_potential"": 0.0, ""T"": 298.15, ""I"": 0.25, ""pMg"": 14.0}}"
iUMN146_1321,Escherichia coli,"{""c"": {""T"": 298.15, ""pH"": 7.5, ""I"": 0.25, ""pMg"": 14.0, ""e_potential"": -0.125}, ""e"": {""T"": 298.15, ""pH"": 7.0, ""I"": 0.25, ""pMg"": 14.0, ""e_potential"": 0.0}, ""p"": {""T"": 298.15, ""pH"": 7.0, ""I"": 0.25, ""pMg"": 14.0, ""e_potential"": 0.0}}","{""cytosol"": {""T"": 298.15, ""pH"": 7.5, ""I"": 0.25, ""pMg"": 14.0, ""e_potential"": -0.125}, ""extracellular space"": {""T"": 298.15, ""pH"": 7.0, ""I"": 0.25, ""pMg"": 14.0, ""e_potential"": 0.0}, ""periplasm"": {""T"": 298.15, ""pH"": 7.0, ""I"": 0.25, ""pMg"": 14.0, ""e_potential"": 0.0}}"
iUMNK88_1353,Escherichia coli,"{""c"": {""T"": 298.15, ""pH"": 7.5, ""I"": 0.25, ""pMg"": 14.0, ""e_potential"": -0.125}, ""e"": {""T"": 298.15, ""pH"": 7.0, ""I"": 0.25, ""pMg"": 14.0, ""e_potential"": 0.0}, ""p"": {""T"": 298.15, ""pH"": 7.0, ""I"": 0.25, ""pMg"": 14.0, ""e_potential"": 0.0}}","{""cytosol"": {""T"": 298.15, ""pH"": 7.5, ""I"": 0.25, ""pMg"": 14.0, ""e_potential"": -0.125}, ""extracellular space"": {""T"": 298.15, ""pH"": 7.0, ""I"": 0.25, ""pMg"": 14.0, ""e_potential"": 0.0}, ""periplasm"": {""T"": 298.15, ""pH"": 7.0, ""I"": 0.25, ""pMg"": 14.0, ""e_potential"": 0.0}}"
iUTI89_1310,Escherichia coli,"{""c"": {""T"": 298.15, ""pH"": 7.5, ""I"": 0.25, ""pMg"": 14.0, ""e_potential"": -0.125}, ""e"": {""T"": 298.15, ""pH"": 7.0, ""I"": 0.25, ""pMg"": 14.0, ""e_potential"": 0.0}, ""p"": {""T"": 298.15, ""pH"": 7.0, ""I"": 0.25, ""pMg"": 14.0, ""e_potential"": 0.0}}","{""cytosol"": {""T"": 298.15, ""pH"": 7.5, ""I"": 0.25, ""pMg"": 14.0, ""e_potential"": -0.125}, ""extracellular space"": {""T"": 298.15, ""pH"": 7.0, ""I"": 0.25, ""pMg"": 14.0, ""e_potential"": 0.0}, ""periplasm"": {""T"": 298.15, ""pH"": 7.0, ""I"": 0.25, ""pMg"": 14.0, ""e_potential"": 0.0}}"
iWFL_1372,Escherichia coli,"{""c"": {""T"": 298.15, ""pH"": 7.5, ""I"": 0.25, ""pMg"": 14.0, ""e_potential"": -0.125}, ""e"": {""T"": 298.15, ""pH"": 7.0, ""I"": 0.25, ""pMg"": 14.0, ""e_potential"": 0.0}, ""p"": {""T"": 298.15, ""pH"": 7.0, ""I"": 0.25, ""pMg"": 14.0, ""e_potential"": 0.0}}","{""cytosol"": {""T"": 298.15, ""pH"": 7.5, ""I"": 0.25, ""pMg"": 14.0, ""e_potential"": -0.125}, ""extracellular space"": {""T"": 298.15, ""pH"": 7.0, ""I"": 0.25, ""pMg"": 14.0, ""e_potential"": 0.0}, ""periplasm"": {""T"": 298.15, ""pH"": 7.0, ""I"": 0.25, ""pMg"": 14.0, ""e_potential"": 0.0}}"
iY75_1357,Escherichia coli,"{""c"": {""T"": 298.15, ""pH"": 7.5, ""I"": 0.25, ""pMg"": 14.0, ""e_potential"": -0.125}, ""e"": {""T"": 298.15, ""pH"": 7.0, ""I"": 0.25, ""pMg"": 14.0, ""e_potential"": 0.0}, ""p"": {""T"": 298.15, ""pH"": 7.0, ""I"": 0.25, ""pMg"": 14.0, ""e_potential"": 0.0}}","{""cytosol"": {""T"": 298.15, ""pH"": 7.5, ""I"": 0.25, ""pMg"": 14.0, ""e_potential"": -0.125}, ""extracellular space"": {""T"": 298.15, ""pH"": 7.0, ""I"": 0.25, ""pMg"": 14.0, ""e_potential"": 0.0}, ""periplasm"": {""T"": 298.15, ""pH"": 7.0, ""I"": 0.25, ""pMg"": 14.0, ""e_potential"": 0.0}}"
iYL1228,Klebsiella pneumoniae,"{""c"": {""T"": 298.15, ""pH"": 7.5, ""I"": 0.25, ""pMg"": 14.0, ""e_potential"": -0.125}, ""e"": {""T"": 298.15, ""pH"": 7.0, ""I"": 0.25, ""pMg"": 14.0, ""e_potential"": 0.0}, ""p"": {""T"": 298.15, ""pH"": 7.0, ""I"": 0.25, ""pMg"": 14.0, ""e_potential"": 0.0}}","{""cytosol"": {""T"": 298.15, ""pH"": 7.5, ""I"": 0.25, ""pMg"": 14.0, ""e_potential"": -0.125}, ""extracellular space"": {""T"": 298.15, ""pH"": 7.0, ""I"": 0.25, ""pMg"": 14.0, ""e_potential"": 0.0}, ""periplasm"": {""T"": 298.15, ""pH"": 7.0, ""I"": 0.25, ""pMg"": 14.0, ""e_potential"": 0.0}}"
iYO844,Bacillus subtilis,"{""c"": {""T"": 298.15, ""pH"": 7.4, ""I"": 0.25, ""pMg"": 14.0, ""e_potential"": -0.125}, ""e"": {""T"": 298.15, ""pH"": 7.0, ""I"": 0.25, ""pMg"": 14.0, ""e_potential"": 0.0}}","{""cytosol"": {""T"": 298.15, ""pH"": 7.4, ""I"": 0.25, ""pMg"": 14.0, ""e_potential"": -0.125}, ""extracellular space"": {""T"": 298.15, ""pH"": 7.0, ""I"": 0.25, ""pMg"": 14.0, ""e_potential"": 0.0}}"
iYS1720,Salmonella pan-reactome,"{""c"": {""T"": 298.15, ""pH"": 7.5, ""I"": 0.25, ""pMg"": 14.0, ""e_potential"": -0.125}, ""e"": {""T"": 298.15, ""pH"": 7.0, ""I"": 0.25, ""pMg"": 14.0, ""e_potential"": 0.0}, ""p"": {""T"": 298.15, ""pH"": 7.0, ""I"": 0.25, ""pMg"": 14.0, ""e_potential"": 0.0}}","{""cytosol"": {""T"": 298.15, ""pH"": 7.5, ""I"": 0.25, ""pMg"": 14.0, ""e_potential"": -0.125}, ""extracellular space"": {""T"": 298.15, ""pH"": 7.0, ""I"": 0.25, ""pMg"": 14.0, ""e_potential"": 0.0}, ""periplasm"": {""T"": 298.15, ""pH"": 7.0, ""I"": 0.25, ""pMg"": 14.0, ""e_potential"": 0.0}}"
iYS854,Staphylococcus aureus,"{""c"": {""T"": 298.15, ""pH"": 7.5, ""I"": 0.25, ""pMg"": 14.0, ""e_potential"": -0.125}, ""e"": {""T"": 298.15, ""pH"": 7.0, ""I"": 0.25, ""pMg"": 14.0, ""e_potential"": 0.0}, ""w"": {""T"": 298.15, ""pH"": 7.0, ""I"": 0.25, ""pMg"": 14.0, ""e_potential"": 0.0}}","{""cytosol"": {""T"": 298.15, ""pH"": 7.5, ""I"": 0.25, ""pMg"": 14.0, ""e_potential"": -0.125}, ""extracellular space"": {""T"": 298.15, ""pH"": 7.0, ""I"": 0.25, ""pMg"": 14.0, ""e_potential"": 0.0}, ""wildtype staph aureus"": {""T"": 298.15, ""pH"": 7.0, ""I"": 0.25, ""pMg"": 14.0, ""e_potential"": 0.0}}"
iZ_1308,Escherichia coli,"{""c"": {""T"": 298.15, ""pH"": 7.5, ""I"": 0.25, ""pMg"": 14.0, ""e_potential"": -0.125}, ""e"": {""T"": 298.15, ""pH"": 7.0, ""I"": 0.25, ""pMg"": 14.0, ""e_potential"": 0.0}, ""p"": {""T"": 298.15, ""pH"": 7.0, ""I"": 0.25, ""pMg"": 14.0, ""e_potential"": 0.0}}","{""cytosol"": {""T"": 298.15, ""pH"": 7.5, ""I"": 0.25, ""pMg"": 14.0, ""e_potential"": -0.125}, ""extracellular space"": {""T"": 298.15, ""pH"": 7.0, ""I"": 0.25, ""pMg"": 14.0, ""e_potential"": 0.0}, ""periplasm"": {""T"": 298.15, ""pH"": 7.0, ""I"": 0.25, ""pMg"": 14.0, ""e_potential"": 0.0}}"
RECON1,Homo sapiens,"{""c"": {""pH"": 7.2, ""e_potential"": 0, ""T"": 298.15, ""I"": 0.25, ""pMg"": 14.0}, ""e"": {""pH"": 7.4, ""e_potential"": 0.03, ""T"": 298.15, ""I"": 0.25, ""pMg"": 14.0}, ""n"": {""pH"": 7.2, ""e_potential"": 0, ""T"": 298.15, ""I"": 0.25, ""pMg"": 14.0}, ""r"": {""pH"": 7.2, ""e_potential"": 0, ""T"": 298.15, ""I"": 0.25, ""pMg"": 14.0}, ""g"": {""pH"": 6.35, ""e_potential"": 0, ""T"": 298.15, ""I"": 0.25, ""pMg"": 14.0}, ""l"": {""pH"": 5.5, ""e_potential"": 0.019, ""T"": 298.15, ""I"": 0.25, ""pMg"": 14.0}, ""m"": {""pH"": 8.0, ""e_potential"": -0.155, ""T"": 298.15, ""I"": 0.25, ""pMg"": 14.0}, ""i"": {""pH"": 8.0, ""e_potential"": -0.155, ""T"": 298.15, ""I"": 0.25, ""pMg"": 14.0}, ""x"": {""pH"": 7.0, ""e_potential"": 0.012, ""T"": 298.15, ""I"": 0.25, ""pMg"": 14.0}}","{""cytosol"": {""pH"": 7.2, ""e_potential"": 0, ""T"": 298.15, ""I"": 0.25, ""pMg"": 14.0}, ""extracellular space"": {""pH"": 7.4, ""e_potential"": 0.03, ""T"": 298.15, ""I"": 0.25, ""pMg"": 14.0}, ""nucleus"": {""pH"": 7.2, ""e_potential"": 0, ""T"": 298.15, ""I"": 0.25, ""pMg"": 14.0}, ""endoplasmic reticulum"": {""pH"": 7.2, ""e_potential"": 0, ""T"": 298.15, ""I"": 0.25, ""pMg"": 14.0}, ""golgi apparatus"": {""pH"": 6.35, ""e_potential"": 0, ""T"": 298.15, ""I"": 0.25, ""pMg"": 14.0}, ""lysosome"": {""pH"": 5.5, ""e_potential"": 0.019, ""T"": 298.15, ""I"": 0.25, ""pMg"": 14.0}, ""mitochondria"": {""pH"": 8.0, ""e_potential"": -0.155, ""T"": 298.15, ""I"": 0.25, ""pMg"": 14.0}, ""peroxisome/glyoxysome"": {""pH"": 7.0, ""e_potential"": 0.012, ""T"": 298.15, ""I"": 0.25, ""pMg"": 14.0}}"
Recon3D,Homo sapiens,"{""c"": {""pH"": 7.2, ""e_potential"": 0, ""T"": 298.15, ""I"": 0.25, ""pMg"": 14.0}, ""e"": {""pH"": 7.4, ""e_potential"": 0.03, ""T"": 298.15, ""I"": 0.25, ""pMg"": 14.0}, ""n"": {""pH"": 7.2, ""e_potential"": 0, ""T"": 298.15, ""I"": 0.25, ""pMg"": 14.0}, ""r"": {""pH"": 7.2, ""e_potential"": 0, ""T"": 298.15, ""I"": 0.25, ""pMg"": 14.0}, ""g"": {""pH"": 6.35, ""e_potential"": 0, ""T"": 298.15, ""I"": 0.25, ""pMg"": 14.0}, ""l"": {""pH"": 5.5, ""e_potential"": 0.019, ""T"": 298.15, ""I"": 0.25, ""pMg"": 14.0}, ""m"": {""pH"": 8.0, ""e_potential"": -0.155, ""T"": 298.15, ""I"": 0.25, ""pMg"": 14.0}, ""i"": {""pH"": 8.0, ""e_potential"": -0.155, ""T"": 298.15, ""I"": 0.25, ""pMg"": 14.0}, ""x"": {""pH"": 7.0, ""e_potential"": 0.012, ""T"": 298.15, ""I"": 0.25, ""pMg"": 14.0}}","{""Cytosol"": {""pH"": 7.2, ""e_potential"": 0, ""T"": 298.15, ""I"": 0.25, ""pMg"": 14.0}, ""Extracellular"": {""pH"": 7.4, ""e_potential"": 0.03, ""T"": 298.15, ""I"": 0.25, ""pMg"": 14.0}, ""Nucleus"": {""pH"": 7.2, ""e_potential"": 0, ""T"": 298.15, ""I"": 0.25, ""pMg"": 14.0}, ""Endoplasmic reticulum"": {""pH"": 7.2, ""e_potential"": 0, ""T"": 298.15, ""I"": 0.25, ""pMg"": 14.0}, ""Golgi apparatus"": {""pH"": 6.35, ""e_potential"": 0, ""T"": 298.15, ""I"": 0.25, ""pMg"": 14.0}, ""Lysosome"": {""pH"": 5.5, ""e_potential"": 0.019, ""T"": 298.15, ""I"": 0.25, ""pMg"": 14.0}, ""Mitochondria"": {""pH"": 8.0, ""e_potential"": -0.155, ""T"": 298.15, ""I"": 0.25, ""pMg"": 14.0}, ""Inner mitochondria"": {""pH"": 8.0, ""e_potential"": -0.155, ""T"": 298.15, ""I"": 0.25, ""pMg"": 14.0}, ""Peroxisome"": {""pH"": 7.0, ""e_potential"": 0.012, ""T"": 298.15, ""I"": 0.25, ""pMg"": 14.0}}"
STM_v1_0,Salmonella enterica,"{""c"": {""T"": 298.15, ""pH"": 7.5, ""I"": 0.25, ""pMg"": 14.0, ""e_potential"": -0.125}, ""e"": {""T"": 298.15, ""pH"": 7.0, ""I"": 0.25, ""pMg"": 14.0, ""e_potential"": 0.0}, ""p"": {""T"": 298.15, ""pH"": 7.0, ""I"": 0.25, ""pMg"": 14.0, ""e_potential"": 0.0}}","{""cytosol"": {""T"": 298.15, ""pH"": 7.5, ""I"": 0.25, ""pMg"": 14.0, ""e_potential"": -0.125}, ""extracellular space"": {""T"": 298.15, ""pH"": 7.0, ""I"": 0.25, ""pMg"": 14.0, ""e_potential"": 0.0}, ""periplasm"": {""T"": 298.15, ""pH"": 7.0, ""I"": 0.25, ""pMg"": 14.0, ""e_potential"": 0.0}}"
Yeast-GEM_9.0.1,yeast,"{""c"": {""pH"": 7.2, ""e_potential"": 0.0, ""T"": 298.15, ""I"": 0.25, ""pMg"": 14.0}, ""e"": {""pH"": 7.0, ""e_potential"": 0.0, ""T"": 298.15, ""I"": 0.25, ""pMg"": 14.0}, ""g"": {""pH"": 6.35, ""e_potential"": 0.0, ""T"": 298.15, ""I"": 0.25, ""pMg"": 14.0}, ""m"": {""pH"": 7.5, ""e_potential"": -0.155, ""T"": 298.15, ""I"": 0.25, ""pMg"": 14.0}, ""n"": {""pH"": 7.2, ""e_potential"": 0.0, ""T"": 298.15, ""I"": 0.25, ""pMg"": 14.0}, ""v"": {""pH"": 6.2, ""e_potential"": 0.0, ""T"": 298.15, ""I"": 0.25, ""pMg"": 14.0}, ""ce"": {""pH"": 7.0, ""e_potential"": 0.0, ""T"": 298.15, ""I"": 0.25, ""pMg"": 14.0}, ""p"": {""pH"": 7.4, ""e_potential"": 0.0, ""T"": 298.15, ""I"": 0.25, ""pMg"": 14.0}, ""er"": {""pH"": 7.2, ""e_potential"": 0.0, ""T"": 298.15, ""I"": 0.25, ""pMg"": 14.0}, ""lp"": {""pH"": 7.0, ""e_potential"": 0.0, ""T"": 298.15, ""I"": 0.25, ""pMg"": 14.0}, ""erm"": {""pH"": 7.2, ""e_potential"": 0.0, ""T"": 298.15, ""I"": 0.25, ""pMg"": 14.0}, ""vm"": {""pH"": 6.2, ""e_potential"": 0.0, ""T"": 298.15, ""I"": 0.25, ""pMg"": 14.0}, ""gm"": {""pH"": 6.35, ""e_potential"": 0.0, ""T"": 298.15, ""I"": 0.25, ""pMg"": 14.0}, ""mm"": {""pH"": 7.5, ""e_potential"": -0.155, ""T"": 298.15, ""I"": 0.25, ""pMg"": 14.0}}","{""cytoplasm"": {""pH"": 7.2, ""e_potential"": 0.0, ""T"": 298.15, ""I"": 0.25, ""pMg"": 14.0}, ""extracellular"": {""pH"": 7.0, ""e_potential"": 0.0, ""T"": 298.15, ""I"": 0.25, ""pMg"": 14.0}, ""Golgi"": {""pH"": 6.35, ""e_potential"": 0.0, ""T"": 298.15, ""I"": 0.25, ""pMg"": 14.0}, ""mitochondrion"": {""pH"": 7.5, ""e_potential"": -0.155, ""T"": 298.15, ""I"": 0.25, ""pMg"": 14.0}, ""nucleus"": {""pH"": 7.2, ""e_potential"": 0.0, ""T"": 298.15, ""I"": 0.25, ""pMg"": 14.0}, ""vacuole"": {""pH"": 6.2, ""e_potential"": 0.0, ""T"": 298.15, ""I"": 0.25, ""pMg"": 14.0}, ""cell envelope"": {""pH"": 7.0, ""e_potential"": 0.0, ""T"": 298.15, ""I"": 0.25, ""pMg"": 14.0}, ""peroxisome"": {""pH"": 7.4, ""e_potential"": 0.0, ""T"": 298.15, ""I"": 0.25, ""pMg"": 14.0}, ""endoplasmic reticulum"": {""pH"": 7.2, ""e_potential"": 0.0, ""T"": 298.15, ""I"": 0.25, ""pMg"": 14.0}, ""lipid particle"": {""pH"": 7.0, ""e_potential"": 0.0, ""T"": 298.15, ""I"": 0.25, ""pMg"": 14.0}, ""endoplasmic reticulum membrane"": {""pH"": 7.2, ""e_potential"": 0.0, ""T"": 298.15, ""I"": 0.25, ""pMg"": 14.0}, ""vacuolar membrane"": {""pH"": 6.2, ""e_potential"": 0.0, ""T"": 298.15, ""I"": 0.25, ""pMg"": 14.0}, ""Golgi membrane"": {""pH"": 6.35, ""e_potential"": 0.0, ""T"": 298.15, ""I"": 0.25, ""pMg"": 14.0}, ""mitochondrial membrane"": {""pH"": 7.5, ""e_potential"": -0.155, ""T"": 298.15, ""I"": 0.25, ""pMg"": 14.0}}"
Human-GEM_1.19.0,Homo sapiens,"{""c"": {""pH"": 7.2, ""e_potential"": 0, ""T"": 298.15, ""I"": 0.25, ""pMg"": 14.0}, ""e"": {""pH"": 7.4, ""e_potential"": 0.03, ""T"": 298.15, ""I"": 0.25, ""pMg"": 14.0}, ""n"": {""pH"": 7.2, ""e_potential"": 0, ""T"": 298.15, ""I"": 0.25, ""pMg"": 14.0}, ""r"": {""pH"": 7.2, ""e_potential"": 0, ""T"": 298.15, ""I"": 0.25, ""pMg"": 14.0}, ""g"": {""pH"": 6.35, ""e_potential"": 0, ""T"": 298.15, ""I"": 0.25, ""pMg"": 14.0}, ""l"": {""pH"": 5.5, ""e_potential"": 0.019, ""T"": 298.15, ""I"": 0.25, ""pMg"": 14.0}, ""m"": {""pH"": 8.0, ""e_potential"": -0.155, ""T"": 298.15, ""I"": 0.25, ""pMg"": 14.0}, ""i"": {""pH"": 8.0, ""e_potential"": -0.155, ""T"": 298.15, ""I"": 0.25, ""pMg"": 14.0}, ""x"": {""pH"": 7.0, ""e_potential"": 0.012, ""T"": 298.15, ""I"": 0.25, ""pMg"": 14.0}}","{""Cytosol"": {""pH"": 7.2, ""e_potential"": 0, ""T"": 298.15, ""I"": 0.25, ""pMg"": 14.0}, ""Extracellular"": {""pH"": 7.4, ""e_potential"": 0.03, ""T"": 298.15, ""I"": 0.25, ""pMg"": 14.0}, ""Nucleus"": {""pH"": 7.2, ""e_potential"": 0, ""T"": 298.15, ""I"": 0.25, ""pMg"": 14.0}, ""Endoplasmic reticulum"": {""pH"": 7.2, ""e_potential"": 0, ""T"": 298.15, ""I"": 0.25, ""pMg"": 14.0}, ""Golgi apparatus"": {""pH"": 6.35, ""e_potential"": 0, ""T"": 298.15, ""I"": 0.25, ""pMg"": 14.0}, ""Lysosome"": {""pH"": 5.5, ""e_potential"": 0.019, ""T"": 298.15, ""I"": 0.25, ""pMg"": 14.0}, ""Mitochondria"": {""pH"": 8.0, ""e_potential"": -0.155, ""T"": 298.15, ""I"": 0.25, ""pMg"": 14.0}, ""Inner mitochondria"": {""pH"": 8.0, ""e_potential"": -0.155, ""T"": 298.15, ""I"": 0.25, ""pMg"": 14.0}, ""Peroxisome"": {""pH"": 7.0, ""e_potential"": 0.012, ""T"": 298.15, ""I"": 0.25, ""pMg"": 14.0}}"
Worm-GEM_1.8.0,Worm,"{""c"": {""pH"": 7.2, ""e_potential"": 0, ""T"": 298.15, ""I"": 0.25, ""pMg"": 14.0}, ""e"": {""pH"": 7.4, ""e_potential"": 0.03, ""T"": 298.15, ""I"": 0.25, ""pMg"": 14.0}, ""n"": {""pH"": 7.2, ""e_potential"": 0, ""T"": 298.15, ""I"": 0.25, ""pMg"": 14.0}, ""r"": {""pH"": 7.2, ""e_potential"": 0, ""T"": 298.15, ""I"": 0.25, ""pMg"": 14.0}, ""g"": {""pH"": 6.35, ""e_potential"": 0, ""T"": 298.15, ""I"": 0.25, ""pMg"": 14.0}, ""l"": {""pH"": 5.5, ""e_potential"": 0.019, ""T"": 298.15, ""I"": 0.25, ""pMg"": 14.0}, ""m"": {""pH"": 8.0, ""e_potential"": -0.155, ""T"": 298.15, ""I"": 0.25, ""pMg"": 14.0}, ""i"": {""pH"": 8.0, ""e_potential"": -0.155, ""T"": 298.15, ""I"": 0.25, ""pMg"": 14.0}, ""x"": {""pH"": 7.0, ""e_potential"": 0.012, ""T"": 298.15, ""I"": 0.25, ""pMg"": 14.0}}","{""Cytosol"": {""pH"": 7.2, ""e_potential"": 0, ""T"": 298.15, ""I"": 0.25, ""pMg"": 14.0}, ""Extracellular"": {""pH"": 7.4, ""e_potential"": 0.03, ""T"": 298.15, ""I"": 0.25, ""pMg"": 14.0}, ""Nucleus"": {""pH"": 7.2, ""e_potential"": 0, ""T"": 298.15, ""I"": 0.25, ""pMg"": 14.0}, ""Endoplasmic reticulum"": {""pH"": 7.2, ""e_potential"": 0, ""T"": 298.15, ""I"": 0.25, ""pMg"": 14.0}, ""Golgi apparatus"": {""pH"": 6.35, ""e_potential"": 0, ""T"": 298.15, ""I"": 0.25, ""pMg"": 14.0}, ""Lysosome"": {""pH"": 5.5, ""e_potential"": 0.019, ""T"": 298.15, ""I"": 0.25, ""pMg"": 14.0}, ""Mitochondria"": {""pH"": 8.0, ""e_potential"": -0.155, ""T"": 298.15, ""I"": 0.25, ""pMg"": 14.0}, ""Inner mitochondria"": {""pH"": 8.0, ""e_potential"": -0.155, ""T"": 298.15, ""I"": 0.25, ""pMg"": 14.0}, ""Peroxisome"": {""pH"": 7.0, ""e_potential"": 0.012, ""T"": 298.15, ""I"": 0.25, ""pMg"": 14.0}}"
Rat-GEM_1.8.0,Rat,"{""c"": {""pH"": 7.2, ""e_potential"": 0.0, ""T"": 298.15, ""I"": 0.25, ""pMg"": 14.0}, ""e"": {""pH"": 7.4, ""e_potential"": 0.03, ""T"": 298.15, ""I"": 0.25, ""pMg"": 14.0}, ""n"": {""pH"": 7.2, ""e_potential"": 0.0, ""T"": 298.15, ""I"": 0.25, ""pMg"": 14.0}, ""r"": {""pH"": 7.2, ""e_potential"": 0.0, ""T"": 298.15, ""I"": 0.25, ""pMg"": 14.0}, ""g"": {""pH"": 6.35, ""e_potential"": 0.0, ""T"": 298.15, ""I"": 0.25, ""pMg"": 14.0}, ""l"": {""pH"": 5.5, ""e_potential"": 0.019, ""T"": 298.15, ""I"": 0.25, ""pMg"": 14.0}, ""m"": {""pH"": 8.0, ""e_potential"": -0.155, ""T"": 298.15, ""I"": 0.25, ""pMg"": 14.0}, ""i"": {""pH"": 7.0, ""e_potential"": 0.0, ""T"": 298.15, ""I"": 0.25, ""pMg"": 14.0}, ""x"": {""pH"": 7.0, ""e_potential"": 0.012, ""T"": 298.15, ""I"": 0.25, ""pMg"": 14.0}}","{""Cytosol"": {""pH"": 7.2, ""e_potential"": 0.0, ""T"": 298.15, ""I"": 0.25, ""pMg"": 14.0}, ""Extracellular"": {""pH"": 7.4, ""e_potential"": 0.03, ""T"": 298.15, ""I"": 0.25, ""pMg"": 14.0}, ""Nucleus"": {""pH"": 7.2, ""e_potential"": 0.0, ""T"": 298.15, ""I"": 0.25, ""pMg"": 14.0}, ""Endoplasmic reticulum"": {""pH"": 7.2, ""e_potential"": 0.0, ""T"": 298.15, ""I"": 0.25, ""pMg"": 14.0}, ""Golgi apparatus"": {""pH"": 6.35, ""e_potential"": 0.0, ""T"": 298.15, ""I"": 0.25, ""pMg"": 14.0}, ""Lysosome"": {""pH"": 5.5, ""e_potential"": 0.019, ""T"": 298.15, ""I"": 0.25, ""pMg"": 14.0}, ""Mitochondria"": {""pH"": 8.0, ""e_potential"": -0.155, ""T"": 298.15, ""I"": 0.25, ""pMg"": 14.0}, ""Inner mitochondria"": {""pH"": 7.0, ""e_potential"": 0.0, ""T"": 298.15, ""I"": 0.25, ""pMg"": 14.0}, ""Peroxisome"": {""pH"": 7.0, ""e_potential"": 0.012, ""T"": 298.15, ""I"": 0.25, ""pMg"": 14.0}}"
Zebrafish-GEM_1.7.0,Zebrafish,"{""c"": {""pH"": 7.2, ""e_potential"": 0, ""T"": 298.15, ""I"": 0.25, ""pMg"": 14.0}, ""e"": {""pH"": 7.4, ""e_potential"": 0.03, ""T"": 298.15, ""I"": 0.25, ""pMg"": 14.0}, ""n"": {""pH"": 7.2, ""e_potential"": 0, ""T"": 298.15, ""I"": 0.25, ""pMg"": 14.0}, ""r"": {""pH"": 7.2, ""e_potential"": 0, ""T"": 298.15, ""I"": 0.25, ""pMg"": 14.0}, ""g"": {""pH"": 6.35, ""e_potential"": 0, ""T"": 298.15, ""I"": 0.25, ""pMg"": 14.0}, ""l"": {""pH"": 5.5, ""e_potential"": 0.019, ""T"": 298.15, ""I"": 0.25, ""pMg"": 14.0}, ""m"": {""pH"": 8.0, ""e_potential"": -0.155, ""T"": 298.15, ""I"": 0.25, ""pMg"": 14.0}, ""i"": {""pH"": 8.0, ""e_potential"": -0.155, ""T"": 298.15, ""I"": 0.25, ""pMg"": 14.0}, ""x"": {""pH"": 7.0, ""e_potential"": 0.012, ""T"": 298.15, ""I"": 0.25, ""pMg"": 14.0}}","{""Cytosol"": {""pH"": 7.2, ""e_potential"": 0, ""T"": 298.15, ""I"": 0.25, ""pMg"": 14.0}, ""Extracellular"": {""pH"": 7.4, ""e_potential"": 0.03, ""T"": 298.15, ""I"": 0.25, ""pMg"": 14.0}, ""Nucleus"": {""pH"": 7.2, ""e_potential"": 0, ""T"": 298.15, ""I"": 0.25, ""pMg"": 14.0}, ""Endoplasmic reticulum"": {""pH"": 7.2, ""e_potential"": 0, ""T"": 298.15, ""I"": 0.25, ""pMg"": 14.0}, ""Golgi apparatus"": {""pH"": 6.35, ""e_potential"": 0, ""T"": 298.15, ""I"": 0.25, ""pMg"": 14.0}, ""Lysosome"": {""pH"": 5.5, ""e_potential"": 0.019, ""T"": 298.15, ""I"": 0.25, ""pMg"": 14.0}, ""Mitochondria"": {""pH"": 8.0, ""e_potential"": -0.155, ""T"": 298.15, ""I"": 0.25, ""pMg"": 14.0}, ""Inner mitochondria"": {""pH"": 8.0, ""e_potential"": -0.155, ""T"": 298.15, ""I"": 0.25, ""pMg"": 14.0}, ""Peroxisome"": {""pH"": 7.0, ""e_potential"": 0.012, ""T"": 298.15, ""I"": 0.25, ""pMg"": 14.0}}"
Mouse-GEM_1.8.0,Mouse,"{""c"": {""pH"": 7.2, ""e_potential"": 0.0, ""T"": 298.15, ""I"": 0.25, ""pMg"": 14.0}, ""e"": {""pH"": 7.4, ""e_potential"": 0.03, ""T"": 298.15, ""I"": 0.25, ""pMg"": 14.0}, ""n"": {""pH"": 7.2, ""e_potential"": 0.0, ""T"": 298.15, ""I"": 0.25, ""pMg"": 14.0}, ""r"": {""pH"": 7.2, ""e_potential"": 0.0, ""T"": 298.15, ""I"": 0.25, ""pMg"": 14.0}, ""g"": {""pH"": 6.35, ""e_potential"": 0.0, ""T"": 298.15, ""I"": 0.25, ""pMg"": 14.0}, ""l"": {""pH"": 5.5, ""e_potential"": 0.019, ""T"": 298.15, ""I"": 0.25, ""pMg"": 14.0}, ""m"": {""pH"": 8.0, ""e_potential"": -0.155, ""T"": 298.15, ""I"": 0.25, ""pMg"": 14.0}, ""i"": {""pH"": 7.0, ""e_potential"": 0.0, ""T"": 298.15, ""I"": 0.25, ""pMg"": 14.0}, ""x"": {""pH"": 7.0, ""e_potential"": 0.012, ""T"": 298.15, ""I"": 0.25, ""pMg"": 14.0}}","{""Cytosol"": {""pH"": 7.2, ""e_potential"": 0.0, ""T"": 298.15, ""I"": 0.25, ""pMg"": 14.0}, ""Extracellular"": {""pH"": 7.4, ""e_potential"": 0.03, ""T"": 298.15, ""I"": 0.25, ""pMg"": 14.0}, ""Nucleus"": {""pH"": 7.2, ""e_potential"": 0.0, ""T"": 298.15, ""I"": 0.25, ""pMg"": 14.0}, ""Endoplasmic reticulum"": {""pH"": 7.2, ""e_potential"": 0.0, ""T"": 298.15, ""I"": 0.25, ""pMg"": 14.0}, ""Golgi apparatus"": {""pH"": 6.35, ""e_potential"": 0.0, ""T"": 298.15, ""I"": 0.25, ""pMg"": 14.0}, ""Lysosome"": {""pH"": 5.5, ""e_potential"": 0.019, ""T"": 298.15, ""I"": 0.25, ""pMg"": 14.0}, ""Mitochondria"": {""pH"": 8.0, ""e_potential"": -0.155, ""T"": 298.15, ""I"": 0.25, ""pMg"": 14.0}, ""Inner mitochondria"": {""pH"": 7.0, ""e_potential"": 0.0, ""T"": 298.15, ""I"": 0.25, ""pMg"": 14.0}, ""Peroxisome"": {""pH"": 7.0, ""e_potential"": 0.012, ""T"": 298.15, ""I"": 0.25, ""pMg"": 14.0}}"
Fruitfly-GEM_1.7.0,Fruitfly,"{""c"": {""pH"": 7.2, ""e_potential"": 0.0, ""T"": 298.15, ""I"": 0.25, ""pMg"": 14.0}, ""e"": {""pH"": 7.4, ""e_potential"": 0.03, ""T"": 298.15, ""I"": 0.25, ""pMg"": 14.0}, ""n"": {""pH"": 7.2, ""e_potential"": 0.0, ""T"": 298.15, ""I"": 0.25, ""pMg"": 14.0}, ""r"": {""pH"": 7.2, ""e_potential"": 0.0, ""T"": 298.15, ""I"": 0.25, ""pMg"": 14.0}, ""g"": {""pH"": 6.35, ""e_potential"": 0.0, ""T"": 298.15, ""I"": 0.25, ""pMg"": 14.0}, ""l"": {""pH"": 5.5, ""e_potential"": 0.019, ""T"": 298.15, ""I"": 0.25, ""pMg"": 14.0}, ""m"": {""pH"": 8.0, ""e_potential"": -0.155, ""T"": 298.15, ""I"": 0.25, ""pMg"": 14.0}, ""i"": {""pH"": 7.0, ""e_potential"": 0.0, ""T"": 298.15, ""I"": 0.25, ""pMg"": 14.0}, ""x"": {""pH"": 7.0, ""e_potential"": 0.012, ""T"": 298.15, ""I"": 0.25, ""pMg"": 14.0}}","{""Cytosol"": {""pH"": 7.2, ""e_potential"": 0.0, ""T"": 298.15, ""I"": 0.25, ""pMg"": 14.0}, ""Extracellular"": {""pH"": 7.4, ""e_potential"": 0.03, ""T"": 298.15, ""I"": 0.25, ""pMg"": 14.0}, ""Nucleus"": {""pH"": 7.2, ""e_potential"": 0.0, ""T"": 298.15, ""I"": 0.25, ""pMg"": 14.0}, ""Endoplasmic reticulum"": {""pH"": 7.2, ""e_potential"": 0.0, ""T"": 298.15, ""I"": 0.25, ""pMg"": 14.0}, ""Golgi apparatus"": {""pH"": 6.35, ""e_potential"": 0.0, ""T"": 298.15, ""I"": 0.25, ""pMg"": 14.0}, ""Lysosome"": {""pH"": 5.5, ""e_potential"": 0.019, ""T"": 298.15, ""I"": 0.25, ""pMg"": 14.0}, ""Mitochondria"": {""pH"": 8.0, ""e_potential"": -0.155, ""T"": 298.15, ""I"": 0.25, ""pMg"": 14.0}, ""Inner mitochondria"": {""pH"": 7.0, ""e_potential"": 0.0, ""T"": 298.15, ""I"": 0.25, ""pMg"": 14.0}, ""Peroxisome"": {""pH"": 7.0, ""e_potential"": 0.012, ""T"": 298.15, ""I"": 0.25, ""pMg"": 14.0}}"
